Id;Firma;idn
1;Fischer & Co., Verlag;[]
2;Otto Möbius;[]
3;Georg Kelterborn;[]
4;Schumann & Trommer;[]
5;Robert Saupe;[]
6;Rudolf Mejo;[]
7;G. W. Strübig;[]
8;O. Roßberg;[]
9;E. Böttcher;[]
10;Alfred Fischer;[]
11;Carl Koppe;[]
12;A. Kupfer's Nachfolger;[]
13;R. Dallmeier;[]
14;Paul Laban;[]
15;"Verlag des ""Handelsgesellschafter"" (J. Bauer)";[]
16;Jordan & Co.;[]
17;Arthur Kade;[]
18;Walther Fiedler, Verlagsbuchhandlung,;[]
19;A. Badstübner;[]
20;Oskar Richter;[]
21;Ernst Schmidt;[]
22;Leonhard Geyer;[]
23;W. Dietze;['107298332X', '1072971909', '1072971895', '1072971992', '1072971887']
24;P. Scheffel;[]
25;A. Rudolph;[]
26;Friedrich W. Trotzky & Co;[]
27;Richard Ehlert;[]
28;Journal für Buchbinderei, M. Päcke;[]
29;Martin Starke;[]
30;Paul Radestock Sortiment u. Antiquariat;[]
31;Carl August Dittrich;[]
32;Arthur R. Teichmann;[]
33;Teichmann & Co.;[]
34;Teichmann & Co.;[]
35;G. Herbrich;[]
36;Mohr & Dutzauer;[]
37;Hegel & Schade;[]
38;Ernst Graubner;['1072909448']
39;E. Knorr;[]
40;E. Knorr;[]
41;O. Tieß;[]
42;H. Laue;[]
43;Winkler & Wolfensteller;[]
44;Winkler & Wolfensteller;[]
45;A. Wede;[]
46;Emil Wede;[]
47;Gebr. Gerhardt;[]
48;Gebr. Gerhardt;[]
49;Georg Kummer's Verlag;['1056899352']
50;Otto Groß;[]
51;Wagner & Schmidt;[]
52;August Rudert;[]
53;Hans Licht;['1072985780']
54;Hans Licht;['1072985780']
55;R. Schönherr;[]
56;O. Richter;[]
57;Felix Hille;[]
58;Arno Siegel;[]
59;Carl Pröhl;[]
60;Louis Müller;[]
61;Walter Graeb;[]
62;P. Vogel;[]
63;Anna Strauß;[]
64;Carl Jacobsen, Verlagsbuchhandlung;['1073057771']
65;W. Voigtländer;[]
66;Alfred König;[]
67;J. C. Hinrichs'sche Buchhandlung;[]
68;J. C. Hinrichs'sche Buchhandlung;[]
69;Louis Stefke;['1073084396', '1072884860']
70;Theosophische Zentralbuchhdlg Hans Fändrich;[]
71;Theosophische Buchhandlung Heinrich Tränker;[]
72;Akadem. Antiquariat Heinrich Tränker;[]
73;Gustav Pritz & Co.;[]
74;E. Biehl;[]
75;Kunst-Anstalt von H. Gustav Brinckmann;[]
76;Franz Richter;['10357672-1']
77;W. Platzmann;[]
78;Friedrich H. Rückbrodt;[]
79;L. A. Klepzig;[]
80;Gustav Bertram;[]
81;Verlags- u. Versandhaus Wilhelm Kaiser;[]
82;Deutscher Reform-Verlag Otto Steiniger;[]
83;H. Burggraf;[]
84;Emil Enke;[]
85;J. F. Koesters Verlagsbüro;[]
86;Georg Bernhardt;['16167952-3']
87;P. Träger;[]
88;P. Träger;[]
89;Ernst Marré, Orient-Verlag;[]
90;Emil Zehl;[]
91;H. Hartung & Sohn;[]
92;Rudolf Haupt, Buchhandlung & Antiquariat;[]
93;B. Engelmann;[]
94;Brückner & Niemann;[]
95;Brückner & Niemann;[]
96;Robert Lindner;[]
97;Robert Lindner;[]
98;Spamersche Buchbinderei;['10371029-2', '1072958449']
99;Spamersche Buchdruckerei;['10112884-8']
100;Spamersche Buchdruckerei;['10112884-8']
101;Julius Hager;['5559547-9', '16345933-2']
102;Verlag des Schwaneberger-Album Schaufuß & Stolpe G.m.b.H.;[]
103;Ernst Wiest Nachf., Verlagsbuchhandlung, G.m.b.H.;[]
104;Oswald Thomas Verlag;[]
105;Presseverlag Leopold J. Klotz;[]
106;Max Singer;[]
107;Duva Druckerei und Verlags-Anstalt G.m.b.H.;[]
108;Duva Druckerei und Verlags-Anstalt G.m.b.H.;[]
109;M. Sehrer;[]
110;Max Koch;['1032868406', '1032869127']
111;Paul John;['107302895X']
112;A. Müllers Druckerei;[]
113;August Pries;['5050701-1']
114;Georg Nitzke & Co.;[]
115;Wilhelm Opetz;['1059733021']
116;Max Prager;[]
117;Hermann Stöpel;[]
118;Otto Schmidt;[]
119;Otto Schmidt;[]
120;Otto Schmidt;[]
121;R. Donnerhack;[]
122;M. W. Kaufmann;[]
123;C. F. Gruner;[]
124;R. Gruner;[]
125;Ludwig Zimmermann, Verlag der Referenzbücher für die Textil-Industrie;[]
126;Friedrich Lindner;[]
127;Lincke'sche Leihbibliothek und Buchhandlung;['6059355-6']
128;Lincke'sche Leihbibliothek und Buchhandlung;['6059355-6']
129;R. Maeder;['107306297X']
130;Jansen & Schwedes;[]
131;K. Schirmer;[]
132;F. O. Pfeiffer;[]
133;Emil Künne;[]
134;Friedrich Rinkefeil;[]
135;Georg, Ferdinand;[]
136;Meta Oberläuter;[]
137;Verlag der Evangel. Luth. Mission;[]
138;Foerster & Einbrodt (vorm. Fr. Legel);[]
139;Paul List;['2017650-8']
140;List & von Bressensdorf;[]
141;G. Freytag, G.m.b.H.;[]
142;Hilmar Klasing, Verlagsbuchhandlung;['1072925044']
143;Georg Lang;['1072961695', '1072956748', '1043349537']
144;Wolff, Schwab & Co. G.m.b.H.;[]
145;Otto Wilhelm Barth Verlag;[]
146;Ed. Wartig's Verlag Ernst Hoppe;[]
147;Artur Giegler;[]
148;Freund & Wittig;[]
149;Herm. Beyer;['1072959925']
150;C. Bange;['4542704-5']
151;Paul Th. Steiner;[]
152;Jacobi & Quillet;[]
153;Wilhelm Fugmann;['1134997639']
154;Wilhelm Fugmann;['1134997639']
155;Wilhelm Fugmann;['1134997639']
156;M. Schmitz;[]
157;Karnahl & Co.;[]
158;Wilhelm Fugmann;['1134997639']
159;Wilhelm Fugmann;['1134997639']
160;Wilhelm Fugmann;['1134997639']
161;Berta Buschmann;[]
162;Carl Bach;[]
163;Leipziger Buchbinderei-Actiengesellschaft vorm. Gustav Fritzsche;[]
164;Buchverlag fürs Deutsche Haus Georg Hösemann;[]
165;Körner & Sohn;[]
166;Körner & Sohn;[]
167;Robert Meißner;['1072992736']
168;Rudolf Loës;['1073059669']
169;Rudolf Loës;['1073059669']
170;G. Strübig's Verlag;[]
171;Max Altmann;['103705394X']
172;G. Oscar Liebler;[]
173;Paul Stiehl;['1072943255']
174;O. Wetzig;[]
175;A. Zschorn;[]
176;Leo Jolowicz;[]
177;Albert Bernhard Schön;[]
178;Oskar Heller;[]
179;Hermann Arnold;['1073066347']
180;Alexander Edelmann (Universitäts-Buchhändler u. Universitäts-Buchdrucker);[]
181;Alexander Edelmann (Universitäts-Buchhändler u. Universitäts-Buchdrucker);[]
182;Aug. Kürth;[]
183;M. Heinsius Nachf.;[]
184;Hachmeister & Thal;[]
185;E. W. Fritzsch;[]
186;E. W. Fritzsch;[]
187;C. F. W. Siegel's Musikalienhandlung (R. Linnemann);[]
188;Leopold Voß;['1072896257', '1225882-9']
189;Quandt & Händel;[]
190;Ernst Günthers Verlag;[]
191;Ambr. Abel;['1072982315', '16005153-8']
192;Johann Ambrosius Barth;['2050057-9', '4004574-2', '1086218418']
193;Max Höfler;[]
194;"Verlagsanstalt ""Saxonia-West"" Anton Tolksdorf";[]
195;Veit & Comp.;[]
196;F. C. W. Vogel;[]
197;Bernhard Tauchnitz;['1047094142', '1073060217', '1072925893', '4240620-1', '31021-9']
198;Oscar Brandstetter;['5207313-0', '1072957752']
199;Oscar Brandstetter;['5207313-0', '1072957752']
200;Oscar Brandstetter;['5207313-0', '1072957752']
201;Oscar Brandstetter;['5207313-0', '1072957752']
202;Georg Reichardt Verlag;['1072924730']
203;Duncker & Humblot;[]
204;Paul Schimmelwitz;['107303092X']
205;Deutscher Herold Verlagsgesellschaft m.b.H.;[]
206;Margueriten-Verlag Emmy Feine;[]
207;Margueriten-Verlag Emmy Feine;[]
208;Hermann Christel;[]
209;Hans-Adler-Verlag;[]
210;Alexander Beyer;[]
211;Wilh. Oscar Günther;[]
212;Verlag des Theosophischen Wegweisers, Klara Frenzel;[]
213;Vedanta-Verlag, Klara Frenzel;[]
214;Verlag für Lebensreform, Klara Frenzel;[]
215;Buchhandlung des Verbandes der Aerzte Deutschlands zur Wahrung ihrer wirtschaftlichen Interessen;[]
216;Oskar Schack, Antiquariat u. Buchhandlung;[]
217;Carl Neßler;[]
218;O. Hähnel;[]
219;Dr. Trenkler & Co.;[]
220;Dr. Trenkler & Co.;[]
221;Ernst Keil's Nachf. (August Scherl) G.m.b.H.;[]
222;Ernst Keil's Nachf. (August Scherl) G.m.b.H.;[]
223;Ernst Keil's Nachf. (August Scherl) G.m.b.H.;[]
224;Ernst Keil's Nachf. (August Scherl) G.m.b.H.;[]
225;A. Waldschmidt;[]
226;E. Weber;[]
227;Bruno Zechel;['10347032-3']
228;Bruno Zechel;['10347032-3']
229;Max Hesse's Verlag;['5296021-3']
230;Böhnisch, Georg;[]
231;Hesse & Becker Verlag;[]
232;Hesse & Becker;[]
233;Hesse & Becker;[]
234;Arnoldische Buchhandlung;['1048538141', '16051016-8']
235;Baumbach'sche Dampfbuchbinderei;[]
236;J. F. Bösenberg G.m.b.H.;[]
237;Politischer Verlag, Emil Spieler;[]
238;Gustav H. Glißmann;[]
239;Deutsche Verlagsdruckerei Felix Merseburger;['1055972005', '1072982242']
240;Hermann Hönnicke;[]
241;Grosso- und Kommissionshaus deutscher Buch- und Zeitschriftenhändler e.G.m.b.H.;[]
242;Max Orlin;['5553334-6']
243;Richard Heise;[]
244;Verlag der modernen kaufmännische Bibliothek, vormals Dr. jur. Ludwig Huberti, G.m.b.H.;[]
245;E. Haberland;['3051772-2']
246;Erdgeist-Verlag C. W. Mamsch & Co.;[]
247;Karl Franke Nachf.;[]
248;Arthur Schmidt;[]
249;O. Müller;[]
250;Friedr. Bach;[]
251;F. Ernst;[]
252;Leipziger Kunstdruckerei, Inh. Nicolaus Leff;[]
253;Louise Dietsch;[]
254;Herm. Held;[]
255;Herm. Held;[]
256;A. Zöllner;[]
257;Verlag der Zeitschrift für Drechsler, Elfenbeingraveure u. Holzbildhauer (Leipziger Deutsche Drechslerzeitung) E. A. Martin;[]
258;Max Voerkel's Verlag;[]
259;Pagel & Co.;[]
260;St. Antonius-Buchhandlung E. Gutberlet & Co.;[]
261;M. Gutberlet Verlag, G.m.b.H.;[]
262;Geißler & Wunder;[]
263;W. Mähler;[]
264;Gebr. Zschocke;[]
265;Nitzschke's Verlag;[]
266;Ph. Hülsemann;[]
267;Ludwig Bauer;[]
268;Jüstel & Göttel;[]
269;Jüstel & Göttel;[]
270;Lithogr. Anstalt Bruno Bürger & Ottillie, G.m.b.H.;[]
271;Vereinigter Mode-Journal-Verlag Jüstel & Göttel;[]
272;E. Vogt;[]
273;W. Malende;['1073057607']
274;C. F. Müller Verlag;[]
275;Arbeiter-Turnverlag Backhaus & Diettrich;[]
276;Ferdinand Grundmann (vorm. Trommer & Grundmann);[]
277;Ferdinand Grundmann (vorm. Trommer & Grundmann);[]
278;Louis Kuhne;[]
279;Ernst Fiedler;[]
280;Julius Jeron;[]
281;Arthur Marquardt, Verlag;[]
282;P. E. Lindner;[]
283;Friedrich Zahn;[]
284;Paul F. Weber;[]
285;Carl Leistner;[]
286;Herm. Hofmann;[]
287;L. Sieke & Co., Großbuchbinderei G.m.b.H.;[]
288;Fr. Richter;['1072934221', '1073009254', '10045336-3']
289;R. Wötzel;[]
290;Finckh & Co.;[]
291;Finckh & Co.;[]
292;Finckh & Co.;[]
293;Solnhofer Lithographiesteinbrüche G.m.b.H.;[]
294;F. Harz;[]
295;M. Greiner;['1072976358']
296;Bormann & Greiner;[]
297;Otto Tobies;[]
298;E. F. Steinacker;[]
299;Eduard Heinrich Mayer;['1072992043']
300;Historisch Politischer Verlag Rudolf Hofstetter;[]
301;C. L. Hirschfeld;[]
302;A. Hartleben;['1072911558', '1072911124']
303;Adolph Fürstner;['107298122X']
304;Rost, Senf & Co.;[]
305;Roßberg'sche Verlagsbuchhandlung, Arthur Roßberg;['1073011682']
306;Roßberg'sche Buchdruckerei;['1072959283']
307;Gustav Wießner;[]
308;Gustav Wießner;[]
309;Fr. Adam Seidel;['1073006255']
310;C. Otto Schmidt;[]
311;Reichenbach'sche Verlagsbuchhandlung Hans Wehner;[]
312;Rudolf Kober;[]
313;Gebr. Hoffmann;['1700745-8']
314;F. Stoll jr.;[]
315;F. Stoll jr.;[]
316;Carl Schremmel;[]
317;Rudolf Schick & Co.;[]
318;Helios-Verlag Franz A. Wolfson;[]
319;A. Franke;[]
320;Hermann Kirstein & Co.;[]
321;Hermann Kirstein & Co.;[]
322;Hermann Kirstein & Co.;[]
323;Eduard Liesegang's Verlag (M. Eger);[]
324;Oswald Schmidt;['1073016773', '5556142-1']
325;Otto Wendt;[]
326;Scherz & Herrmann;[]
327;Scherz & Herrmann;[]
328;Th. Lappert;[]
329;Loew & Weimann;[]
330;E. Twietmeyer;['1073090388']
331;A. Twietmeyer;['5331212-0']
332;Max Rübe;['1072989506']
333;Julius Süß jun.;[]
334;H. H. Ullstein;[]
335;Ernst Rudolph Müller;[]
336;August Hoffmann;['1072924358']
337;W. Vobach & Co.;[]
338;W. Vobach & Co.;[]
339;Vereinigter Leipziger Bahnhofsbuchhandel;[]
340;L. Gast;[]
341;Buchdruckerei Vogel & Vogel G.m.b.H.;[]
342;Reinhold Pfalz;[]
343;J. Rieter-Biedermann;['1072957655', '5245600-6']
344;Modern-Medizinischer Verlag F. W. Gloeckner & Co.;[]
345;Ernst'sche Verlagsbuchhandlung;['1072894149']
346;Richard Förster;[]
347;C. G. Röder, G.m.b.H;[]
348;C. G. Röder, G.m.b.H;[]
349;C. G. Röder, G.m.b.H;[]
350;C. G. Röder, G.m.b.H;[]
351;C. G. Röder, G.m.b.H;[]
352;Johs. Mägerlein;[]
353;Hugo Herm. Mattner Verlag;[]
354;Fr. Andrä's Nachf. (M. Dietrich);[]
355;Emil Ehrhardt;[]
356;Rudolf Gerstäcker;['107297780X']
357;Manicke & Co.;[]
358;Albert Neitsch, Schriftgießerei u. mech. Werkstätte;[]
359;Ottosche Buchhandlung;['1028589913']
360;Webels Verlag Ludwig Helmreich;[]
361;Teutonia-Verlag Karl R. Vogelsberg G.m.b.H.;[]
362;Walter Möschke;['1028969155']
363;R. Felix;[]
364;Friedrich Engelmann;[]
365;Oskar Born;[]
366;K. R. Vogelsberg;[]
367;Otto Zehrfeld, Buchhandlung für Auslandsdeutsche;[]
368;Ernst Schauer, Colorir-Kunst-Anstalt;[]
369;Trutter & Schmidt;[]
370;Spinner & Weber, Hausdorff & Co.;[]
371;Oswald Spohr;['3051627-4']
372;Paul Seidel;[]
373;Emil Poppe;[]
374;Emil Poppe;[]
375;G. Müller-Mann'sche Verlagsbuchhandlung (R. Frensch);[]
376;Leo Wender;[]
377;Geographischer Verlag G.m.b.H.;[]
378;Wilhelm Strübig;['1073080676']
379;Sturm-Verlag;[]
380;Graß & Herrmann;[]
381;H. Kollmann;[]
382;Max Beck Verlag;['16119483-7']
383;Dr. F. Poppe;[]
384;Dr. F. Poppe;[]
385;Koenig & Bauer, Schnellpressenfabrik G.m.b.H., Würzburg;[]
386;P. Zürner;[]
387;Oscar Fürstenau;['1073066851']
388;Oscar Fürstenau;['1073066851']
389;Kunstanstalt Grimme & Hempel, A.G. i. Liqu.;[]
390;Dr. Paul Abel;[]
391;L. Wehrde, Jost's Kunst- u. Altertumsgesch.;[]
392;Heinrich Brandt;['1072954168']
393;Auslaender & Kühr;[]
394;Deutsches Druck- & Verlagshaus, G.m.b.H.;[]
395;E. Füge;[]
396;W. Schröder;[]
397;P. Frenkel;[]
398;Rauh & Pohle;[]
399;Hermann Schneider;[]
400;C. M. Böhnisch;[]
401;P. Hesse;[]
402;A. Bergmann;['1073073408', '1072977508', '1073005666']
403;Emil Herrmann senior;['16015553-8']
404;Friedr. Joh. Kleemeier;[]
405;Geschäftsstelle des Deutschen Verlegervereins;[]
406;J. B. Hirschfeld;[]
407;J. B. Hirschfeld;[]
408;August Müller;['1073067122']
409;August Müller;['1073067122']
410;August Müller;['1073067122']
411;Schmidt & Busch;[]
412;Schmidt & Busch;[]
413;M. Wassermann;[]
414;Friedr. Taschenberger;[]
415;W. Harry Möller's Verlag für Rechts- und Staatswissenschaften;[]
416;Reklame-Union, Druckerei und Verlagsgesellschaft m.b.H.;[]
417;Reklame-Union, Druckerei und Verlagsgesellschaft m.b.H.;[]
418;Schmidt & Stahn;[]
419;Schindler & Co.;[]
420;Heinrich J. Naumann;[]
421;Erich Bretschneider;[]
422;Paul Beyer;['1025747747']
423;Artur Zwanziger;[]
424;Formular-Verlag Neufriedstein;[]
425;Otto Ortleb;[]
426;R. Klare;[]
427;Anastasius Eisfelder;[]
428;R. Pfeifer;[]
429;Hugo P. Lange;[]
430;W. Schulz;[]
431;D. Seifert;[]
432;G. Sinhuber;['1073000524']
433;Metzger & Wittig;[]
434;Metzger & Wittig;[]
435;Metzger & Wittig;[]
436;Metzger & Wittig;[]
437;G. A. Dittmann;[]
438;Franz Haselbauer;[]
439;Deutscher Kulturverlag, G.m.b.H. in Liquid.;[]
440;Gelatinier-Anstalt Karl Naake G.m.b.H.;[]
441;Adolf Jäger Buchhandlung;[]
442;A. Köllner;['1072953234']
443;Hermann Springer;['1073066215']
444;Hermann Springer;['1073066215']
445;Hermann Springer;['1073066215']
446;Hermann Springer;['1073066215']
447;F. A. Schüßler;[]
448;F. A. Schüßler;[]
449;F. A. Schüßler;[]
450;O. Nagel;[]
451;O. Nagel;[]
452;Gustav Körner;['1072957868']
453;L. Peukert;[]
454;Hoffmann & Ohnstein;[]
455;Föste, Lüddecke & Co. Buchbinderei m.b.H.;[]
456;Raumer & Braun;[]
457;R. Voigtländer's Verlag;['5157868-2']
458;F. Volckmar;['74769-5']
459;Union Deutsche Verlagsgesellschaft;['1072922428', '1072901994', '5331226-0']
460;L. Staackmann;['35740-6', '1500109-X', '4623557-7']
461;Dr. Max Jänecke Verlagsbuchhandlung;[]
462;Deutsche Bibelgesellschaft, G.m.b.H.;[]
463;Carl Cnobloch;['1072982579', '6033233-5', '16209610-0']
464;C. F. Amelang's Verlag;[]
465;Hugo Schmidt Verlag;[]
466;F. Volckmar;['74769-5']
467;Union Deutsche Verlagsgesellschaft;['1072922428', '1072901994', '5331226-0']
468;Dampfbuchbinderei vorm. F. A. Barthel;[]
469;Verlag Die Tat G.m.b.H.;[]
470;Fritz Eckardt Verlag, G.m.b.H.;[]
471;Renger'sche Buchhandlung, Gebhardt & Wilisch;[]
472;Daheim-Expedition (Velhagen & Klasing);[]
473;H. A. Ludwig Degener;[]
474;Degener & Co., Zeitschriftenverlagsgesellschaft m.b.H.;[]
475;Rosenthal'sche Verlagsbuchhandlung, M. E. Rosenthal;[]
476;Reinhold Fröbel, Literarisches Bureau u. Verlagshandlung;[]
477;Rosenthal'sche Verlagsbuchhandlung, M. E. Rosenthal;[]
478;Albrecht Pieszczek & Co.;[]
479;Dieterich'sche Verlagsbuchhdlg., Theodor Weicher;[]
480;Moritz Ruhl;['107300743X', '1072957396']
481;Moritz Ruhl;['107300743X', '1072957396']
482;H. Carl Brüning G.m.b.H.;[]
483;Knieste & Pick;[]
484;Hartmann & Wolf;[]
485;Thalacker & Schöffer;[]
486;H. Deutschmann;[]
487;Gustav Weigel;[]
488;T. Fisher Unwin;[]
489;K. L. Ricker;[]
490;Richter's Verlags-Anstalt;['1072962497']
491;Fr. Ludw. Herbig;[]
492;Haupt & Hammon, Verlagsbuchhandlung;[]
493;Grunow & Co.;[]
494;Richard Lesser Nachf.;[]
495;Mittelbach's Verlag;['1072886006']
496;Pallas-Verlag Wilhelm Rudeck;[]
497;Philipp Reclam jun.;[]
498;Philipp Reclam jun.;[]
499;Gustav Kirchhof;['1052821871']
500;Richard Jericke;[]
501;Richard Jericke;[]
502;Fischer & Wittig;[]
503;Alfred Hahn's Verlag;['1080838171']
504;A. Müller, Fröbelhaus-Dresden;[]
505;G. Kürsten's Verlag;[]
506;Fischer & Kürsten;[]
507;Leipziger Tageblatt;['108879386X']
508;E. Polz, Verlag d. Leipziger Tageblatt;[]
509;F. A. Heller;[]
510;Hofmann & Fohl;[]
511;F. A. Neumann;[]
512;Ferdinand Peter Nachf.;[]
513;Dietze & Nens;[]
514;Curt Wanschura;[]
515;Börner, Carl;[]
516;Otto Haase (vorm. Th. Haase);[]
517;Otto Haase (vorm. Th. Haase);[]
518;Ficker's Verlag;[]
519;Albrecht Donath;[]
520;F. Franke;[]
521;A. Lehnert;[]
522;Cosmos, Verlag für Kunst u. Wissenschaft, Max Junghändel & Co. Nachf.;[]
523;Emil Singer;[]
524;Emil Singer;[]
525;Walter Reuter;[]
526;Wilhelm Thömsgen;[]
527;Bereiter & Meißner;[]
528;W. Härtel & Co. Nachf.;[]
529;W. Härtel & Co. Nachf.;[]
530;Leipziger Gummier- & Lackier-Anstalt Schroeder & Co.;[]
531;Otto Friedlein;[]
532;Moritz Priem;['1073006093']
533;Paul Wust;[]
534;Emil Reimer;[]
535;Georg Wedekinds Verlag, Max Müller;[]
536;C. W. B. Naumburg;[]
537;Expedition des Allgemeinen Wahlzettel für den deutschen Buchhandel;[]
538;Alfred Müller Verlagsanstalt;[]
539;Maximilian Koeltz;[]
540;L. Fikentscher;[]
541;C. A. Haendel;[]
542;Bernard Köhler;[]
543;Hugo Dude;[]
544;Otto Hafemann;[]
545;Otto Hafemann;[]
546;P. Künne;[]
547;"Verlag ""Rolfana"" Maria von Stein";[]
548;Feyerabend Nachf.;[]
549;Martin Schilling;['3059857-6']
550;Buchdruckerei Emil Stephan;[]
551;M. Krug;[]
552;"Jakob Bohn, Buch- und Papierhandlung ""Westend""";[]
553;"Jacob Bohn, Buch- und Papierhandlung ""Westend""";[]
554;O. R. Reisland;[]
555;Felix, Arthur;[]
556;Chr. Herm. Tauchnitz, früher T. O. Weigel Nachf., Verlagsbuchhandlung;[]
557;G. Falk;[]
558;Friedrich Gröber;['1137518391']
559;Bähr & Co.;[]
560;Bähr & Co.;[]
561;Max Bröse;[]
562;Buch- und Akcidenzdruckerei Günther & Manicke G.m.b.H.;[]
563;Otto Benedict;[]
564;G. Hering;[]
565;Richard Wöpke;[]
566;Richard Wöpke;[]
567;Theodor Gerstenberg vorm. Rich. Sattler's Verlag;[]
568;G. Becker;[]
569;Felix Marschner;[]
570;Adolf Forker;[]
571;Adolf Forker;[]
572;Otto Engel;[]
573;Max Timaeus;[]
574;Emil Glausch;[]
575;Hugo Horn's Gravieranstalt u. Zinkographie;[]
576;Hugo Horn's Gravieranstalt u. Zinkographie;[]
577;Robert Köhler;[]
578;Karl P. Geuter;[]
579;Adolf Stieler;[]
580;Alfred Michaelis;['1072950405']
581;Martin Mehlhorn;[]
582;Carl Kobinger Nachf.;[]
583;Karl Vogel;[]
584;R. Hönisch;[]
585;Pfefferkorn & Däne;[]
586;Paul Schreckenberger;[]
587;Richard Hoier;[]
588;Emil Hugo Claußner Nachf.;[]
589;Schmidt & Spring, Jugendfreund-Verlag;[]
590;Justus Naumann;['1073068730', '107299805X', '1072957418']
591;Andr. Deichert'sche Verlagsbuchhandlung Nachf.;[]
592;C. Lüthke;[]
593;Emil Freter;[]
594;Theodor Oswald Weigel;['5010676-4', '1072981432']
595;Theodor Oswald Weigel;['5010676-4', '1072981432']
596;Oswald Weigel;['5165745-4', '5109304-2', '5010676-4', '1072981432']
597;S. Hirzel;['5332729-9', '2064562-4']
598;"Centralbuchhandlung ""Gabelsberger"" H. & L. Behrendorf";[]
599;Max Weg;['5108345-0']
600;Theod. Thomas;['1073020142']
601;Carl Scholtze;['1072909944']
602;Eduard Stieler;[]
603;Eduard Stieler;[]
604;Hermann Mendelssohn;['1072977370']
605;Edmund Stoll;['1072973324']
606;Hahn'sche Verlagsbuchhandlung;['6146565-3', '1072957701']
607;Ernst Rowohlt Verlag;['1042068356']
608;W. Drugulin;['4383414-0', '1072957256', '5260685-5', '2000107-1', '6017847-4']
609;W. Drugulin;['4383414-0', '1072957256', '5260685-5', '2000107-1', '6017847-4']
610;W. Drugulin;['4383414-0', '1072957256', '5260685-5', '2000107-1', '6017847-4']
611;Ferd. Riehm;['1073057534']
612;Bernhard Meyer;[]
613;Bernhard Meyer;[]
614;Heinrich Bredt;['1072954990']
615;Ernst Bredt;['1072980533']
616;Alldeutscher Verlag Dr. E. Bischoff;[]
617;J. F. L. Reitz;[]
618;Hermann Bähr;['1072937867']
619;G. Sternkopf, Geographisches Institut und Verlagshandlung;[]
620;G. Sternkopf, Geographisches Institut und Verlagshandlung;[]
621;"Verlag ""Nach Feierabend"" , Bernh. Meyer";[]
622;Richard Lipinski;[]
623;Dörffling & Franke;[]
624;Carl Pohst;['1073062295']
625;Carl Pohst;['1073062295']
626;Adolf F. Schlöffel;[]
627;Occultistischer Verlag A. F. Schöffel;[]
628;Floda's Verlag Adolf Schöffel;[]
629;Gebrüder Reinecke;['1069446823']
630;Oswald Kratzsch;[]
631;Albin Opitz;[]
632;Eduard Strauch;['1072983184']
633;Franz J. Söhnlein;[]
634;Paul Eberhardt;['1072977400']
635;Franz Wagner;['1072894491', '1028943520']
636;G. J. Göschen'sche Verlagshandlung, G.m.b.H.;[]
637;Literarisches Institut Kosmos, Max Herzig in Liqu.;[]
638;Richard Tauchnitz;[]
639;A. Schumann's Verlag;['1072858630']
640;R. Bredow;['1072940981']
641;Bibliographische Anstalt Adolph Schumann;['1073069893']
642;Oskar Leiner;['1072984059']
643;Oskar Leiner;['1072984059']
644;Oskar Leiner;['1072984059']
645;Oskar Leiner;['1072984059']
646;Oskar Leiner;['1072984059']
647;Oskar Leiner;['1072984059']
648;Oskar Leiner;['1072984059']
649;Oskar Leiner;['1072984059']
650;Oskar Leiner;['1072984059']
651;Oskar Leiner;['1072984059']
652;Musikbibliothek Peters;['37661-9']
653;Johannes Saupe;['1104524902']
654;Hermann Dege;['107290733X']
655;G. Reusche;['1047874660']
656;G. Reusche;['1047874660']
657;Voigt & Geißler;[]
658;Voigt & Geißler;[]
659;Voigt & Geißler;[]
660;Hammer-Verlag Th. Fritsch (Verlag Deutscher Müller);[]
661;Karl W. Hiersemann;[]
662;Bibliothek August Scherl G.m.b.H., Auslieferungsstelle;[]
663;Adreßbuch für Leipzig und Umgebung, Verlag von August Scherl Deutsche Adreßbuch-Gesellschaft m.b.H.;[]
664;Leipziger Adreßbuch, Verlag von August Scherl Deutsche Adreßbuch-Gesellschaft m.b.H.;[]
665;August Scherl, Deutsche Adreßbuch-Gesellschaft m.b.H., Verlag der Leipziger Adreßbücher;[]
666;E. G. Weimann;[]
667;A. G. Ploetz;[]
668;G. Hirth;['1073059243']
669;Akademische Buchhandlung R. Max Lippold;[]
670;Theodor Ackermann's Verlag;[]
671;Theodor Ackermann's Verlag;[]
672;Theodor Steinkopff;['2024151-3', '16300561-8']
673;C. Seifert, G.m.b.H.;[]
674;C. Seifert, G.m.b.H.;[]
675;Carl Sallmann Verlag;[]
676;Renaissance-Verlag Robert Federn;[]
677;A. Pichler's Wwe. & Sohn;[]
678;Georg Neuner Verlag;[]
679;Thomas Nelson & Sons;[]
680;Literarische Anstalt in Leipzig, Helene Schulze;[]
681;Großmann & Knöbel;[]
682;H. W. Theodor Dieter;[]
683;Union-Gesellschaft für Literatur und Kunst Brzitwa & Co.;[]
684;Ernst Heitmann;['1073065146', '1072982463']
685;Expedition des Briefmarken- Album, Ernst Heitmann;[]
686;Berta Wernicke;[]
687;O. Berkes;[]
688;Karl Lentze;[]
689;Karl Lindner;[]
690;R. Müller;['107293180X']
691;Carl Ziegenhirt;['1072948761']
692;Bernh. Friedr. Voigt;[]
693;Ed. Peter's Verlag;['1073002292']
694;Arno Knape;[]
695;F. E Wachsmuth;[]
696;E. P. Berger;[]
697;Hermann Crusius;['1072957647', '16047858-3']
698;Carl Flicke;[]
699;Adolf Klauß & Co.;[]
700;Ludwig Wagner;['1072891204', '3048922-2', '2030614-3']
701;Papierfabrik Sacrau G.m.b.H.;[]
702;Richard Nendel;['1073010139']
703;Fr. Wilh. Grunow;[]
704;Carl Marquart;['1072959712']
705;Gustav A. Rietzschel;[]
706;J. F. Fischer;[]
707;Robert König;['1072960486']
708;Hilbert & Co.;[]
709;Verlag für Kunst u. Wissenschaft, Albert Otto Paul;[]
710;Quelle und Meyer;['83758-1', '1092088288']
711;Erwin Nägele;[]
712;Buchdruckerei Gutenberg Albert Paul;['1136055525']
713;Gustav Brauns;['1072979926']
714;Louis Glaser;['1067260870']
715;Louis Glaser;[]
716;Louis Glaser;['1067260870']
717;Franz Böhlau;[]
718;A. Mehnert;[]
719;Siegbert Schnurpfeil Nachf.;[]
720;Siegbert Schnurpfeil Nachf.;[]
721;H. Becker;['1072946904']
722;Bruno Meerboth;[]
723;R. Göschel;[]
724;Edmund Demme;['6121178-3']
725;H. Schötz;[]
726;Richard Schmidt;[]
727;Wilhelm Dobers;[]
728;J. A. Gutzschebauch;[]
729;J. A. Gutzschebauch;[]
730;Hugo Lorenz;['1073063410']
731;Bernh. Liebisch;['236132-2', '1073005232', '5320583-2']
732;Ernst Wiegandt;['1073071545']
733;Alfred Lorentz;['1072954907', '511918-2', '1088112188']
734;Alfred Lorentz;['1072954907', '511918-2', '1088112188']
735;Bär & Hermann;[]
736;Bär & Hermann;[]
737;Woerl's Reisebücherverlag;[]
738;Carl Pohl;[]
739;Rudolf Uhlig;[]
740;C. Moschinsky;[]
741;Max Todt;[]
742;Hermann Heuschel;[]
743;Insel Verlag, G.m.b.H.;[]
744;Schaumburg-Fleischer's Verlag;[]
745;F. E. Fischer;[]
746;Felix Meiner;['5020777-5', '1086218280']
747;Gustav Klötzsch;['1072926377']
748;E. Richter;[]
749;A. Bogen;[]
750;H. Klippgen;[]
751;R. Gerhold's Gravieranstalt;[]
752;Max von Criegern;[]
753;A. Schwieck;['1073089452']
754;Frankenstein, Wagner & Co.;[]
755;Frankenstein & Wagner;[]
756;Frankenstein & Wagner;[]
757;Frankenstein & Wagner;[]
758;Heinrich Blömer;['1072943832']
759;Max Toller;[]
760;Hugo Krötzsch & Co.;[]
761;Otto Regel;['3017332-2']
762;Otto Regel;['3017332-2']
763;Otto Regel;['3017332-2']
764;Günther, Kirstein & Wendler;[]
765;Günther, Kirstein & Wendler;[]
766;Schriftgießerei Heinr. Hoffmeister;[]
767;Jagenberg, Ferd. Emil, Fil. Leipzig;[]
768;Jagenberg, Ferd. Emil, Fil. Leipzig;[]
769;R. Walther's Verlag;[]
770;E. O. Jahn;[]
771;Jahn & Sohn;[]
772;Jul. Herm. Müller;[]
773;Gebr. Koch;[]
774;M. Hauptvogel Nachf. Buchhandlung & Antiquariat;[]
775;Karl Max Poppe;['5117750-X']
776;A. Hafemann sen.;[]
777;Raimund Gerhard;['1072994755']
778;Antiquariat Carl Köhler;['107578204X']
779;Dr. Werner Klinkhardt;['1072926113', '10006252-0']
780;Klinkhardt & Biermann, Buch- und Kunstverlag;[]
781;G. A. Gloeckner;[]
782;Julius Klinkhardt;['1073019519', '10118210-7', '5524171-2', '2016917-6']
783;Grütter & Co.;[]
784;Krüger & Co.;[]
785;E. G. Böhme;[]
786;Oswald Wolf;[]
787;Oswald Mutze;['1072984350']
788;Oswald Mutze;['1072984350']
789;C. F. W. Fest;[]
790;Bernhard Meyberth;[]
791;Theodor Rother;['1073012034']
792;Julius Drescher;['1072973278', '1072936828']
793;A. H. Fiedler;[]
794;C. F. Teich;[]
795;Otto Teich;['1073069923', '301334-0']
796;Carl A. Fischer;[]
797;Esperanto - Propaganda Instituto Karl Steier;[]
798;Mahla & Graeser;[]
799;Franz Winter;['1160091722']
800;Karl Fr. Pfau;[]
801;Excelsior-Verlag Elisabeth Pfau;[]
802;Alfred Langkammer;['1072937727']
803;Ackermann & Glaser;[]
804;H. B. Albrecht;[]
805;H. B. Albrecht;[]
806;H. Müller;[]
807;Arthur Ronniger;[]
808;Rob. Claußner's Verlag;[]
809;Albert Bonnier;['1072953722', '31430-4']
810;P. M. Blüher;[]
811;Johannes Barbe;[]
812;Johannes Barbe;[]
813;Johannes Barbe;[]
814;P. Schmidt;[]
815;Adolf Henze's Verlag;[]
816;C. Sprung;[]
817;Heinrich Jüttner;[]
818;"Verlag ""Fürs Heim"" G.m.b.H.";[]
819;O. Kögler;[]
820;Th. Seeburg;[]
821;H. Salzmann;[]
822;J. Seeburg;[]
823;Gebrüder Kühn;[]
824;O. Theil;[]
825;Leipziger Zinkdruckplatten-Fabrik, Curt Preußner & Co.;[]
826;Jachner & Fischer;[]
827;Johannes Haupt;[]
828;W. Albert Hafemann;[]
829;Oswald, Alfred;[]
830;W. Albert Hafemann;[]
831;Georg Rößler;[]
832;Hermann Zieger;['1072903679']
833;Friedrich Pfeilstücker;['1073003337']
834;Junghanß & Koritzer;[]
835;Internationaler Kunst-Verlag, M. Bauer & Co.;[]
836;Franz Dietrich;['1072969912']
837;Franz Dietrich;['1072969912']
838;Akademische Verlagsgesellschaft mbH;[]
839;W. Besser;[]
840;Kunstheim Katharinenhof;[]
841;O. Kießler;[]
842;Contag & Co.;[]
843;Heinrich Matthes;['1073067084', '1072953226']
844;Otto Kopsch;[]
845;J. Rotter;[]
846;Max Reichardt;[]
847;Anna Günther;[]
848;Herm. Kallenberg;[]
849;Paul Winter;[]
850;P. Müller;[]
851;Friedrich Zocher;[]
852;A. Theuerkorn;[]
853;Brandt & Co.;[]
854;Brandt & Co.;[]
855;Erwin Findel;[]
856;R. Weinert;[]
857;J. G.Findel;[]
858;W. Teicher;[]
859;Hugo Kuntze;[]
860;Lydia Botze;[]
861;Nationale Kanzlei G.m.b.H.;[]
862;Lipsia-Versandbuchhandlung Martha Rudolph & Co.;[]
863;Leipziger Verlags- und Kommissions-Buchhandlung Baß & Co.;[]
864;Cornelia-Verlag G.m.b.H.;[]
865;Verlag Frauenfortbildung G.m.b.H.;[]
866;Serig'sche Buchhandlung;['5165665-6']
867;C. E. Schilling;[]
868;Otto Kuhn;['1073030059']
869;Friedrich Krause;[]
870;Max Lange;[]
871;F. Lindemann;[]
872;Albert Haferkorn & Co.;[]
873;Albert Haferkorn & Co.;[]
874;Carl W. Bühligen;[]
875;Karl Wagner & Co.;[]
876;Karl Wagner & Co.;[]
877;Eduard Pfeiffer, Buchhandlung;[]
878;F. Rochau;[]
879;Dyksche Buchhandlung;['6147579-8']
880;Hugo Hentsch;[]
881;Hugo Hentsch;[]
882;Hugo Hentsch;[]
883;Hugo Voigt, Buchhandlung für Landwirtschaft, Gartenbau u. Forstwesen (Georg Riemeyer);[]
884;Justus Naumann's Sortiment Fr. Jansa;[]
885;Akademische Buchhandlung Fr. Jansa;[]
886;Otto Nuschke;[]
887;Leipziger Kunst-Anstalt für Hand-Kolorit, Otto Nuschke;[]
888;J. Zürn;[]
889;Josef Hirsch;[]
890;H. R. Braun;[]
891;Zeitbilder Verlag Albert Krug;[]
892;Aug. Jul. Krug;[]
893;Eugen Twietmeyer;['1072882191', '1073089916', '1073090388']
894;Seemann & Co.;[]
895;Gilbers'sche Verlagsbuchhandlung, Eugen Twietmeyer;['1072882191', '1073089916']
896;G. Hedeler;['107291395X']
897;Wihelm Hedeler;[]
898;Giesecke & Devrient;[]
899;Giesecke & Devrient;[]
900;Giesecke & Devrient;[]
901;Giesecke & Devrient;[]
902;Giesecke & Devrient;[]
903;Siegismund & Volkening;[]
904;Gustav Knoth;[]
905;Carl Neumeyer;[]
906;Carl Gerfin Nachf.;[]
907;Oscar Berckhauer;[]
908;Eduard Thomas;[]
909;Camilla Milde;[]
910;Karl Baedeker;['1128915669']
911;H. Wagner & E. Debes;[]
912;H. Wagner & E. Debes;[]
913;Alfred Würzner's Antiquarische Buchhandlung;[]
914;G. Wittrin (Wittrin & Weise);[]
915;Adolf Roegner;['1073010708']
916;Johann Baptist Wiedenmann;[]
917;C. O. Hessel;[]
918;Breitkopf & Härtel;[]
919;Breitkopf & Härtel;[]
920;Breitkopf & Härtel;[]
921;Breitkopf & Härtel;[]
922;Breitkopf & Härtel;[]
923;Franz Bárd & Bruder;[]
924;Georg Degen;[]
925;Rhythmus-Verlag M. Józefowicz;[]
926;Wilh. Haaring;[]
927;H. Fikentscher;['5539708-6']
928;G. Wolf;[]
929;Sinsel & Co. G.m.b.H.;[]
930;Sinsel & Co. G.m.b.H.;[]
931;Sinsel & Co. G.m.b.H.;[]
932;Sinsel & Co. G.m.b.H.;[]
933;Sinsel & Co. G.m.b.H.;[]
934;Theodor Leibing;[]
935;Arwed Strauch;['5282540-1']
936;J. R. Herzog;[]
937;H. Sperling;['5223300-5', '1072958503', '1072954184']
938;A. Foerster's Verlag;['1072888823']
939;Alfred Hasemann;[]
940;E. Lucius;['1072989921', '1137294191']
941;Otto Zimmermann;[]
942;Arthur Heber;['1072930188']
943;R. Krone;[]
944;Elbefelder Papierfabrik Aktien-Gesellschaft Berlin-Zehlendorf u. Elberfeld;[]
945;Fritzsche & Schmidt;[]
946;Reform-Verlag & Theatergeschäftsbüro Karl Schürer gen. Engelschmidt;[]
947;W. Backhaus;[]
948;Verlag A. Hasert & Co.;[]
949;Gustav Uhl;[]
950;Otto & Co.;[]
951;Hans Hedewigs Nachfolger, Curt Ronniger;[]
952;Weller & Winkler;[]
953;Pontow & Co., Verlagsgesellschaft m.b.H.;[]
954;Oscar Röder Antiquariat;[]
955;Jahn & Schreyer;[]
956;Max Brauer;[]
957;Otto Schreyer;[]
958;Otto Schreyer;[]
959;Rudolf Katzsch;[]
960;H. Sommer;[]
961;Gustav Meyer;[]
962;S. Appel;[]
963;Arthur Hesse;[]
964;Lauterbach & Kuhn;[]
965;Alex. Dennhardt;[]
966;A. Pinkert;[]
967;Ignaz Tengers Verlag;[]
968;Paul Götze;[]
969;Paul Götze;[]
970;Paul Götze;[]
971;Sturm & Koppe (A. Dennhardt);[]
972;Gustav Ullrich;[]
973;Verlag & Expedition der Deutschen Schirmmacher-Zeitung (Wilhelm Meyer);[]
974;Max Hoffmann;['1072924544']
975;Max Hoffmann;['1072924544']
976;B. G. Teubner;[]
977;B. G. Teubner;[]
978;Theodor Hofmann;['1072881357', '1072991101']
979;F. D. Schröder;[]
980;Graul & Pöhl;[]
981;Im. Tr. Wöller;[]
982;Otto Borggold;['1072952831']
983;Robert Heinrich;[]
984;D. Weinberg;[]
985;Ernst Finking d. J.;[]
986;"Buchhandlung der ""Kaufmännischen Sozial-Reform"" Otto Krüger";[]
987;Karl Thieme, Buch- und Akzidenzdruckerei;[]
988;Bernhard Krauel;[]
989;"Verlagsanstalt ""Humanität"" G.m.b.H. in Liqu.";[]
990;Albert Kumbruch;['1073062287']
991;Volks- und Jugendschriften-Verlag G.m.b.H.;[]
992;O. Gracklauer;['107290831X']
993;Pohstsche Buchdruckerei;[]
994;Urban & Co.;[]
995;Urban & Co.;[]
996;Urban & Co.;[]
997;Romberger & Koch (vorm. A. L. Knorr);[]
998;H. Hurwitz Nachf.;[]
999;Fr. Portius;['1050415264', '1073038939']
1000;Albin Stein;['1067018115']
1001;C. A. Koch's Verlagsbuchhandlung (H. Ehlers);[]
1002;Rudolph Hartmann;['1072982161']
1003;Expedition d. Unterrichts-Werke nach der Methode Toussaint-Langenscheidt (Prof. G. Langenscheidt);[]
1004;Albert Platzek;['1073077675']
1005;Franz Bauer Nachf.;[]
1006;Franz Bauer Nachf.;[]
1007;Wilhelm Schulze;[]
1008;W. Grasmay Nachf.;[]
1009;Bruno Grohmann;[]
1010;Richard Krieg;[]
1011;G. Ricordi & Co.;[]
1012;Verlag Ignatz Rippel;[]
1013;Julius Brandstätter;[]
1014;Richard Hahn (H. Otto);[]
1015;Wilh. Schurath, G.m.b.H.;[]
1016;Wilh. Schurath, G.m.b.H.;[]
1017;Turm-Verlag Markert & Co.;[]
1018;Dürr'sche Buchhandlung;['1072971615', '5129555-6', '1090739389', '1073019535']
1019;Otto Harrassowitz;['506980-4']
1020;C. Grumbach;['10188573-8', '1072957450', '1129708209']
1021;C. Grumbach;['10188573-8', '1072957450', '1129708209']
1022;"Verlagsanstalt ""Pallas"" Ed. Beyer";[]
1023;Nils Pehrsson;['1072949733']
1024;August Neumann's Verlag, Fr. Lucas;[]
1025;E. L. Kasprowicz;[]
1026;F. A. Brockhaus' Sort. und Antiq.;[]
1027;Brockhaus & Pehrsson;[]
1028;F. A. Brockhaus;[]
1029;F. A. Brockhaus;[]
1030;F. A. Brockhaus;[]
1031;F. A. Brockhaus;[]
1032;F. A. Brockhaus;[]
1033;F. A. Brockhaus;[]
1034;J. Schroedter's Buchdruckerei G.m.b.H., Abt. A. Oehmigkes Verlag, Moritz Geißler Nachf.;[]
1035;Max Brockhaus;['1072950154', '1037902726']
1036;R. Streller;['1072977672']
1037;Mayer & Müller;[]
1038;Leipz. Export- u. Verlagsges. m.b.H. in Liqu.;[]
1039;Gressner & Schramm;[]
1040;C. Schröter;['1134978103']
1041;C. Schröter;['1134978103']
1042;Rösch & Winter;[]
1043;"Telephon-Adreßbuch in Branchen- u. Nummern-Anordnung ... ""Telad"" Verlag C. Schröter";[]
1044;Berger & Wirth;[]
1045;Verlag des Universal-Briefmarken-Albums;[]
1046;Berger & Wirth;[]
1047;Emil Stock's Verlag;[]
1048;Camillo Schneider;[]
1049;Maximilian Wendel;[]
1050;Friedrich W. Trotzky;[]
1051;G. Senf Nachf.;[]
1052;Friedrich Rothbarth;['1073011933', '1073011941']
1053;C. E. M. Pfeffer;[]
1054;Leipziger Verlag, G.m.b.H.;[]
1055;Lange & Meuche;[]
1056;Jaeger-Versand, Paul Meuche;[]
1057;Ewald & Co. Nachfolger;[]
1058;H. R. Dohrn;[]
1059;Fritz Casper & Co.;[]
1060;Fikentscher;['1073069702', '5539708-6']
1061;Georg H. Wigand'sche Verlagsbuchhandlung;[]
1062;Jaegersche Verlags-Buch- u. Landkartenhandlung, E. C. Koenitzer;[]
1063;Dr. Seele & Co.;[]
1064;Georg Merseburger;['1122235658']
1065;Carl Merseburger;['5547585-1']
1066;G. Hoske;['1072958384']
1067;"Verlags-Anstalt ""Merkur"" Julius Süß jun.";[]
1068;Eduard Schmidt;['1072977648']
1069;Ernst Rust;[]
1070;Max Sängewald;['1072956950']
1071;Friedr. Wolfrum & Co.;[]
1072;Otto Lenz;['1073058778']
1073;Robert Hoffmann G.m.b.H.;[]
1074;B. Rosenheinrich Nachf.;[]
1075;Gustav Richter, Theaterbuchhandlung und Musik-Verlag;[]
1076;Gustav Richter Theaterverlag;[]
1077;Kiepert'sche Verlagsbuchhandlung;[]
1078;Fr. Förster;['1072977605']
1079;Max Busch (Inh. Julius Kößling);[]
1080;Wilhelm Weis;[]
1081;Jul. Heinr. Zimmermann;[]
1082;Chr. Hostmann-Steinbergsche Farbenfabriken G.m.b.H.;[]
1083;Georg Thieme;['1065102798', '4760758-0', '3035439-0', '32392-5']
1084;Friedrich Kanitzki;[]
1085;Wilhelm Mondon;[]
1086;O. Renner;[]
1087;A. H. Payne;[]
1088;Gebr. Wittenbecher;[]
1089;Emil Binder;[]
1090;Edwin Bormann's Selbstverlag;['1073072320']
1091;Schroeder, Spieß & Co., G.m.b.H.;[]
1092;A. Elgert;[]
1093;Günther & Müller;[]
1094;J. A. Sigall;[]
1095;Max Schmidt;[]
1096;Max Schmidt;[]
1097;Max Schmidt;[]
1098;M. Oelsner;['5523399-5']
1099;M. Oelsner;['5523399-5']
1100;M. Oelsner;['5523399-5']
1101;C. Ludwig Kühne;[]
1102;F. Bauer;[]
1103;Johannes Schubert;[]
1104;Leipziger Bücher-Versandhaus;['1072961970']
1105;"Verlag ""Für's prakt. Leben"", Gebr. Rast";[]
1106;J. J. Weber;[]
1107;J. J. Weber;[]
1108;J. J. Weber;[]
1109;J. J. Weber;[]
1110;J. J. Weber;[]
1111;J. J. Weber;[]
1112;Otto Zöphel;[]
1113;Osc. Ramm, Inh. Curt Ramm;[]
1114;F. A. Körner;[]
1115;F. A. Körner;[]
1116;Carl Opitz;[]
1117;"Expedition der Zeitschrift ""Die Feuerspritze"", F. A. Körner";[]
1118;Benno Konegen Verlag;['5332798-6']
1119;Wilhelm Ehrenberg;[]
1120;Max Zeidler;[]
1121;Verlags-Magazin (R. F. Bierey);[]
1122;Fritz Bierey, Verlag;[]
1123;G. Pönicke's Schulbuchhandlung;['1073004317']
1124;Otto Asperger;[]
1125;"Haufe & Morgenstern, Buchdruckerei ""Merkur""";[]
1126;Oswald Seiler;[]
1127;Seiler & Co.;[]
1128;Ernst Wunderlich;['1058047205', '1058047299']
1129;C. F. Winter'sche Verlagsbuchhandlung;[]
1130;Franz Dahlinger;[]
1131;C. G. Naumann Verlag;[]
1132;Alfred Kröner Verlag;['1072969270', '5549715-9']
1133;Robert Halecker;[]
1134;Verlag des Deutschen Nationalbundes Georg Schubert;[]
1135;Marie Kapphahn;[]
1136;Hans Friedrich;[]
1137;Eduard Avenarius;['5168795-1']
1138;Voss' Sortiment (G. W. Sorgenfrey);[]
1139;H. Haessel Verlag;['5324207-5']
1140;H. Haessel Comm. Gesch.;[]
1141;Expedition des Meßcatalogs;[]
1142;Gebrüder Borntraeger;['260225-8', '215543-6']
1143;Buchhandlung des Vereinshauses, Paul Eger;['1072962446']
1144;Simmel & Co.;[]
1145;Georg Pruggmayer;[]
1146;X. Pflugmacher;['1073031365']
1147;Max Spohr;['4688272-8']
1148;B. A. Dathe;[]
1149;F. H. Eilenberger;[]
1150;Otto Weber;['1072964600']
1151;Gustav Schacht Verlag G.m.b.H.;[]
1152;Robert Hahn;['1072907984', '1072907909']
1153;Heinrich Blömer's Buchhandlung;[]
1154;Moritz Schäfer;['1029798885']
1155;Radelli & Hille;[]
1156;Curt Kunath;[]
1157;F. J. Schirmer & Co.;[]
1158;E. A. Enders;[]
1159;Rudolf Morgeneyer;[]
1160;E. H. Friedrich Reisner;[]
1161;J. J. Arnd;[]
1162;Rudolf Arnold;['1072901927', '1065102208']
1163;Rudolf Arnold;['1072901927', '1065102208']
1164;Friedrich Schneider;['1072977303', '1073017451']
1165;Ferdinand Hirt & Sohn;[]
1166;Hellmuth Wollermann, Verlagsbuchhandlung;[]
1167;Hubert Welter;[]
1168;Ed. Wartig;['107302010X']
1169;International News Company (Peppmüller & Co.);[]
1170;Phönix-Verlag Carl Siwinna;[]
1171;Immanuel Müller;['1048605418', '1072996189']
1172;"Musikverlag ""Hölle"" L. & S. Natzler";[]
1173;Literarisches Institut;['1072942720']
1174;N. Kymmel's Verlag;[]
1175;Alexander Köhler;[]
1176;Friedrich Fleischer;['1073028712', '1072898071', '1072898101', '1072898055', '1072898063', '1072897792', '1072897970', '1073006395', '1072981548', '1024867099']
1177;Carl Friedrich Fleischer;['1072897792', '1072897970']
1178;B. Elischer Nachfolger;['1072975297', '1072969017']
1179;Asgard-Verlag, Dr. Paul Krische;[]
1180;Bühnenvertrieb dramatischer und musikalischer Werke Hans Bruck;[]
1181;Adolf Robitschek;['1073010465', '1087333741']
1182;Expedition der Geflügel-Börse (Richard Freese);[]
1183;N. Kymmel's Buchhandlung;[]
1184;K. A. Halle;[]
1185;G. Fr. Wanner;[]
1186;"Verlag ""Gesundes Leben"" Dr. Hugo Vollrath";[]
1187;Alfred Meister;['1156695732']
1188;J. W. Kox;[]
1189;Kräuter & Mützenich;[]
1190;Theodor Sebald;[]
1191;Theosophisches Verlagshaus Dr. Hugo Vollrath;[]
1192;Theosophische Centralbuchhandlung Dr. Hugo Vollrath;[]
1193;Centrale f. Reformlitteratur Dr. Hugo Vollrath;[]
1194;Buddhistischer Verlag Dr. Hugo Vollrath;[]
1195;Wild & Laue;[]
1196;Schulze & Niemann;[]
1197;Ludwig Julius Heymann, Geographischer Verlag;[]
1198;Franz Moeser Nachf.;[]
1199;Grethlein & Co., G.m.b.H.;[]
1200;Verlag der Allgemeinen Buchhändlerzeitung Walther Seyffert;[]
1201;Emil Lehmann;[]
1202;Walter & Co. Nachf.;[]
1203;Baumgärtner's Buchhandlung;['5350738-1']
1204;Modern-literarisches Bureau, Direktor Gustav Fritzsche;[]
1205;Fritzsche, Gustav, Direktor, Modernliterarisches Bureau;[]
1206;A. Quaas;[]
1207;Julius Werner Verlag;[]
1208;Bernhard Friede;['1073056961']
1209;Baudisch, Wilhelm;[]
1210;Johannes v. Schalscha-Ehrenfeld;[]
1211;Verlag Otto Beyer;['5171409-7']
1212;"Verlag der ""Deutschen Modenzeitung"", Aug. Polich";[]
1213;Gustav Fock, Buchhandlung, G.m.b.H.;[]
1214;Gustav Fock, Buchhandlung, G.m.b.H.;[]
1215;Martin Boas;[]
1216;W. Böttiger;[]
1217;Adolf Mahn's Verlag;['1073058077']
1218;Max Zieger;[]
1219;Max Zieger;[]
1220;Fritz Schuberth jr.;[]
1221;J. H. Robolsky;[]
1222;J. H. Robolsky;[]
1223;Mazdaznan-Verlag u. Versandhaus David Ammann;[]
1224;Meister & Schirmer;[]
1225;E. Mönch;[]
1226;Jos. Aibl Verlag, G.m.b.H.;[]
1227;Carl Hofbauer;[]
1228;Friedrich Hofmeister;['1072925419', '2070980-8', '1065431937', '16137343-4', '4071476-7', '1073004767']
1229;Rózsavölgyi & Comp;[]
1230;Universal-Edition A.-G.;[]
1231;Josef Weinberger;['1072965348']
1232;Otto Maier, G.m.b.H.;[]
1233;Otto Maier, G.m.b.H.;[]
1234;C. G. Naumann, G.m.b.H.;[]
1235;C. G. Naumann, G.m.b.H.;[]
1236;Herm. Reling;[]
1237;R. Giegler's Sortiment;['1072903830']
1238;G. Kreysing;[]
1239;A. Zahn;[]
1240;Schneider & Co.;[]
1241;Edm. Obst;['1073049531']
1242;Emil Lange & v. d. Wehl;[]
1243;Julius Zeitler;['5331638-1']
1244;A. van der Broecke;[]
1245;Der Tempel Verlag G.m.b.H.;[]
1246;Carl Ernst Poeschel;['2006816-5', '1073004414']
1247;Poeschel & Trepte;[]
1248;Poeschel & Trepte;[]
1249;C. B. Griesbach;[]
1250;E. A. Funke;[]
1251;E. A. Funke;[]
1252;A. Wienbrack;['107298024X']
1253;H. Keßler;['1072955873']
1254;Robert Friese;['107292658X', '1072981165']
1255;Oskar Dittmar's Verlagsanstalt;[]
1256;Georg Wigand;['5303738-8']
1257;H. G. Wallmann;[]
1258;Gideon Karl Sarasin;[]
1259;Edward Erwin Meyer;[]
1260;Landwirthschaftliche Schulbuchhandlung, Karl Scholtze (Theophil Biller);[]
1261;Otto Klemm;['1073033147', '1072983451', '1072907917']
1262;Generalvertrieb für vaterländische Geschichtsliteratur Ferdinad Lomnitz;[]
1263;Deutscher Kinderfreund, G.m.b.H.;[]
1264;Biologischer Verlag Heinrich Wallmann;[]
1265;Adolf Böhme & Co.;[]
1266;Julius Mäser, Buchdruckerei und Verlagshandlung;[]
1267;Julius Mäser, Buchdruckerei und Verlagshandlung;[]
1268;Ludwig Ewest;[]
1269;Technikum für Buchdrucker;['15077-0', '10179129-X']
1270;Carl Schönert;['107298816X']
1271;Carl Schönert;['107298816X']
1272;Carl Schönert;['107298816X']
1273;Carl Schönert;['107298816X']
1274;Verlag des graphischen Beobachters, Siegbert Schnurpfeil;[]
1275;Siegbert Schnurpfeil, Verlag;[]
1276;R. Schraepler;[]
1277;Jaroslav Ferda;['107309040X']
1278;Philipp Wießler;[]
1279;Kühn & Richter;[]
1280;Rohland & Paul;[]
1281;Rohland & Paul;[]
1282;R. Langendorf;[]
1283;R. Guthe;[]
1284;R. Guthe;[]
1285;Alfred Sorms Nachf. Willy Krötzsch;[]
1286;Julius Hobeda;['1072923580']
1287;Richard Hamann;[]
1288;Verlag für Literatur, Kunst & Musik, Hans Volger;[]
1289;Osc. Graneß;[]
1290;Karl Linke;[]
1291;Ernst Kamprath Verlag;[]
1292;Ferdinand Bär;['1072958732']
1293;Ferdinand Bär;['1072958732']
1294;E. Krüger;[]
1295;Rudolph Becker;['1073083357']
1296;Rudolph Becker;['1073083357']
1297;Kuchenmüllers Verlag G.m.b.H.;[]
1298;Otto Holtze's Nachfolger;['1072983583', '3058543-0']
1299;Friedrich Brandstetter;['3058525-9', '6145841-7']
1300;Ignaz M. Goldblatt;[]
1301;H. Reinhold Engel;[]
1302;Heinrich Schmidt & Carl Günther;[]
1303;Birckner & v. d. Becke;[]
1304;Rudolf Dietrich;[]
1305;Ernst Schreiber;[]
1306;Weinrich & Co.;[]
1307;A. Th. Engelhardt;[]
1308;Franz Radestock;[]
1309;A. Helke;[]
1310;Schäfer & Schönfelder;[]
1311;Max Reinhold;[]
1312;Deutsche Esperanto-Buchhandlung;['1036301605']
1313;Hausen & Co.;[]
1314;Chr. G. Tienken, Verlagsbuchhandlung;[]
1315;Otto Nemnich.;[]
1316;National-Verlag Alfred Höhndorf;[]
1317;August Lax;[]
1318;L. A. Kittler;[]
1319;R. Hornig;['1073074889']
1320;A. Haase;['16195951-9']
1321;Bonneß & Hachfeld, Verlagsbuchhandlung;[]
1322;Th. G. Fisher & Co.;[]
1323;Emil Wever;[]
1324;Karl Vahle;[]
1325;O. Uhlemann;[]
1326;Paul Sitte;[]
1327;F. Ernst Steiger;[]
1328;Emil Gröber;[]
1329;Louis Winckelmann;[]
1330;Albert Warnecke;['1072990385']
1331;List & Francke;[]
1332;Bernhard Hermann;['1073062902', '6508157-2']
1333;Wilhelm Diebener;['1072962527']
1334;H. Gedan;[]
1335;Richard Grunert;[]
1336;G. E. Schulze;[]
1337;Eduard Wohlleben;[]
1338;Adolf Bruno Schaefer;[]
1339;W. Nietmann's Verlag;[]
1340;Amthor'sche Verlagsbuchhandlung;['107297715X', '1072968037', '1072970430', '1072975289']
1341;Rudolf Hagen;[]
1342;Sieler & Vogel;[]
1343;Sieler & Vogel;[]
1344;Sieler & Vogel;[]
1345;E. Laris Nachf.;[]
1346;Sieler & Vogel;[]
1347;Otto Aug. Schulz Verlag, G. Schiller;[]
1348;J. M. Gebhardt's Verlag;[]
1349;E. Ungleich;['1030012091', '1072952408']
1350;N. Simrock, G.m.b.H.;[]
1351;Gebr. Eißler;[]
1352;Gebr. Eißler;[]
1353;A. Wehner;[]
1354;Theodor Thomas;['1073020142', '5168825-6']
1355;Martin Schneider & Co.;[]
1356;Lotus-Verlag, Ella Thomaß;[]
1357;Gustav Gräbner;['1072895668', '1073059952']
1358;Rosa Gerhardt;[]
1359;Frauenverlag Gabriele Dorn von Lieber;[]
1360;Flinsberg & Lorenz;[]
1361;M. Zille;[]
1362;Uhlands technischer Verlag, Otto Politzky;['1073079902']
1363;Th. Schröter;['1073018571', '1073018563', '1072858355', '1072979691']
1364;Modernes Verlagsbureau, Curt Wigand;[]
1365;Lipsius & Tischer;[]
1366;Eduard Kummer;['5165663-2']
1367;Th. Grieben's Verlag (L. Fernau);[]
1368;L. Fernau;['1073076024', '1072910071', '5275810-2', '1072977443']
1369;Gustav Engel;['1072892928']
1370;F. A. Berger;[]
1371;Richard Bauer;['1072942739']
1372;Abel & Müller;[]
1373;Zipser & König;[]
1374;Wilhelm Heims;['10083381-0', '16006394-2']
1375;Rob. Forberg;['10001743-5', '4559046-1']
1376;Rob. Forberg;['10001743-5', '4559046-1']
1377;P. Jurgenson;['1073021548']
1378;Th. Rättig;['1072950219', '1072953153']
1379;Böttcher & Bongartz;[]
1380;"Verlag der Literaturwerke ""Minerva"", Böttcher & Bongatz";[]
1381;Th. Knaur;['1072945983', '16335855-2', '1134997310']
1382;Woldemar Koehler'sche Verlagsbuchhandlung;[]
1383;Eduard Volkening;['10003050-6']
1384;Horstmann, E.;[]
1385;Bibliographisches Institut Meyer;['2004604-2', '1072917602']
1386;Rudolf Winkler;[]
1387;Verlag der Literarischen Gesellschaft Ph. Vorhauer Nachf.;[]
1388;Hermann Schultze;['1072972581', '107288108X', '1072977257']
1389;K. F. Koehler;[]
1390;K. F. Koehler's Antiquarium;[]
1391;Klaristischer Verlag Akropolis Dr. Eduard von Mayer;[]
1392;Kesselring'sche Hofbuchhandlung, Verlag;[]
1393;Georg Esseger Verlag;[]
1394;C. Dieckmann;[]
1395;Ludwig Doblinger (Bernhard Herzmansky);[]
1396;Emil Gerasch G.m.b.H.;[]
1397;Emil Gerasch G.m.b.H.;[]
1398;Emil Gerasch G.m.b.H.;[]
1399;Hallberg & Büchting;[]
1400;Meisenbach, Riffarth & Co.;[]
1401;Meisenbach, Riffarth & Co.;[]
1402;Meisenbach, Riffarth & Co.;[]
1403;Meisenbach, Riffarth & Co.;[]
1404;Meisenbach, Riffarth & Co.;[]
1405;Meisenbach, Riffarth & Co.;[]
1406;C. Rüger;[]
1407;Emil Gerasch G.m.b.H.;[]
1408;Emil Gerasch G.m.b.H.;[]
1409;Emil Gerasch G.m.b.H.;[]
1410;Eberhard Schreiber;['1134978049']
1411;Eberhard Schreiber;['1134978049']
1412;Eberhard Schreiber;['1134978049']
1413;E. Thiele;['1073068234']
1414;Otto Spamer;['10371029-2', '5168824-4']
1415;Leipziger Bienenzeitung, Liedloff, Loth & Michaelis;[]
1416;Gebr. Junghanß;['1073020118']
1417;Gebr. Junghanß;['1073020118']
1418;Alexander Riesenbeck;[]
1419;E. O. Friedrich;[]
1420;Vereinigte Kunstanstalten Gebrüder Mejo & Mejo & Springer G.m.b.H.;[]
1421;Vereinigte Kunstanstalten Gebrüder Mejo & Mejo & Springer G.m.b.H.;[]
1422;Abicht, O.;[]
1423;W. Ekelmann;[]
1424;F. W. Müller;[]
1425;Reinhold Naumann Junior;[]
1426;Hübel und Denck;['116729-7', '16317411-8', '5334537-X']
1427;Krempler & Co. Buchbinderei;[]
1428;Leipziger Buchdruckerei Aktiengesellschaft;['1072959119']
1429;F. Ballert;[]
1430;Nößler & Lange;[]
1431;Deutsches Verlagshaus Bong & Co.;[]
1432;Rich. Bong;['1072948702', '1072953560']
1433;Rich. Bong;['1072948702', '1072953560']
1434;C. Schwarz, vorm. Emil Hauck;[]
1435;C. Schwarz, vorm. Emil Hauck;[]
1436;C. Schwarz, vorm. Emil Hauck;[]
1437;A. Numrich & Co.;[]
1438;A. Numrich & Co.;[]
1439;Musikverlag Rich. Bong, G.m.b.H.;[]
1440;Verlagsinstitut Richard Kühn;[]
1441;Louis Naumann;['1072895900']
1442;Friedrich Meyer's Buchhandlung;['5038088-6']
1443;E. Kaiser;[]
1444;Paul de Wit;['5542432-6']
1445;Adolf Titze;['1072953536', '1072977591', '1072955636', '1072978911']
1446;Eisenschmidt & Schulze, G.m.b.H.;[]
1447;Johannes Wörner's Verlag;[]
1448;Wilh. Engelmann;[]
1449;Albin Bergmann;[]
1450;Willy Mueller;[]
1451;Richard Möckel;[]
1452;Kößling'sche Buchhandlung (H. Graf);[]
1453;Friedrich Fleischer's Sortiment u. Antiquariat Walther Schumann;[]
1454;Franz Ohme;['1073000443']
1455;Franz Ohme;['1073000443']
1456;Hahn's Sortiment Carl Fehre;['1073027694']
1457;J. B. Klein's Kunst und Buchhandlung;[]
1458;Hermann Walther;[]
1459;Wilhelm Radestock;['1062756703']
1460;Zangenberg & Himly;[]
1461;Otto Himly;[]
1462;Wilhelm Schunke Verlag;[]
1463;Roßberg'sche Buchhandlung Wilhelm Schunke;[]
1464;Emil Gräfe;['1073081397']
1465;Th. Stauffer;[]
1466;C. G. Boerner, Buchantiquariat;[]
1467;Alwin Schmidt;['1073022404', '1072985829']
1468;Alwin Schmidt;['1073022404', '1072985829']
1469;Eduard Maerter;['1073017826']
1470;Kurt Petsch;[]
1471;L. Gotter;[]
1472;W. Hientzsch;[]
1473;Gustav Heinrich;[]
1474;Gustav Heinrich;[]
1475;H. Irmscher;[]
1476;Otto Siemens;[]
1477;F. E. Bilz;[]
1478;Gebr. Möckel;[]
1479;W. Clauß;[]
1480;Hermann Hentzschel;['1134993838']
1481;"Verlag der Wochschrift ""Welt und Haus"", G.m.b.H.";[]
1482;Rotes Meßadreßbuch Leipzig G.m.b.H.;[]
1483;Gustav Fricke;[]
1484;Emil Ludewig;[]
1485;H. Täschner;[]
1486;Thalacker & Schwarz;[]
1487;Dr. Sally Rabinowitz Verlag;[]
1488;J. H. Krüger;[]
1489;Otto Hillmann Verlagsbuchandlung;[]
1490;Paul Berger;[]
1491;Luckhardt's Buchhandlung für Verkehrswesen, G.m.b.H.;[]
1492;F. M. Geidel;[]
1493;Böhme & Lehmann;[]
1494;Gustav Schlemminger;['1073015777']
1495;Paul Hungar;['1072929996']
1496;Herm. Schlag Nachf.;[]
1497;Herm. Schlag Nachf.;[]
1498;Fr. Wilh. Reinheckel;[]
1499;Leipziger Meß-Zeitung, Robert Großer;[]
1500;Möckel & Großer;[]
1501;Otto Koch Nachf.;[]
1502;Emil Wöllner;[]
1503;Grimme & Trömel;[]
1504;Louis Seidel Nachf.;[]
1505;Leipziger Abendzeitung Wolfgang Huck;[]
1506;Serbe'sche Verlagsbuchhandlung;['1153236265']
1507;Internationale Adressen-Verlags-Anstalt und Verlagsbuchhandlung C. Herm. Serbe;[]
1508;Serbes Meß-Adreßbuch;[]
1509;C. Herm. Serbe;[]
1510;Xenien-Verlag Hermann Graef;[]
1511;Felix Rupprecht;[]
1512;H. Borrmann;[]
1513;Adolf Weigel;['5285607-0', '16115540-6']
1514;Robert Krüger;[]
1515;Georg Kurtze;[]
1516;August Bauerfeld;[]
1517;A. Taubert;['1047093960']
1518;H. Volland;[]
1519;A. C. Schröder;[]
1520;P. Zeidler;[]
1521;Carl Lautz;[]
1522;Carl Lautz;[]
1523;Liebes & Teichtner;[]
1524;Liebes & Teichtner;[]
1525;H. E. Flemming;[]
1526;C. F. Tiefenbach;[]
1527;F. Leineweber;['5325128-3']
1528;Bruno Hartwig;[]
1529;C. W. Löwe Nachf.;[]
1530;C. W. Löwe Nachf.;[]
1531;Carl Sonntag jun.;[]
1532;Franz Hunger;[]
1533;Bernhardt Kermes;[]
1534;Hermann Ludewig;['1067082417']
1535;Hermann Ludewig;['1067082417']
1536;Pestner & Band;[]
1537;Carl Siebe & Co.;[]
1538;Simon & Co.;[]
1539;Karl H. Scheithauer;[]
1540;Studders & Kohl;[]
1541;Eschebach & Schaefer;[]
1542;Akademische Lesehalle;['1701268-5']
1543;Gebr. Bahrs;[]
1544;Gebrüder Diezmann;[]
1545;Busse & Pfefferkorn;[]
1546;Emil Heue;[]
1547;Emil Heue;[]
1548;Emil Heue;[]
1549;Janke & Kästner;[]
1550;Janke & Kästner;[]
1551;Janke & Kästner;[]
1552;Carl Abel;['1125652756']
1553;C. F. Rühl;[]
1554;C. F. Rühl;[]
1555;Zierow & Meusch;[]
1556;Zierow & Meusch;[]
1557;Zierow & Meusch;[]
1558;Zierow & Meusch;[]
1559;Ebelt & Co., G. W.;[]
1560;Glaß & Tuscher;[]
1561;Leipziger Gelatinier-Anstalt Ludwig & Kammrath;[]
1562;Felix Auerbach;[]
1563;Klara Beator;[]
1564;R. Bechmann vorm. Weißbeck & Bechmann;[]
1565;Julius Busch;[]
1566;Beck & Co.;[]
1567;Rud. Behr;[]
1568;Eduard Breidenbach;[]
1569;Buschmann & Clemens;[]
1570;Carl Starke;['1073066894']
1571;Karl Fritzsche;[]
1572;Wilh. Deicke;[]
1573;Richard Donner;[]
1574;Julius Feucht;[]
1575;Hugo Finne;[]
1576;Rudolf Fromm;[]
1577;Rudolf Fomm;['1072987406']
1578;Oskar Förster;[]
1579;Friebel, Hugo;[]
1580;Paul Fritsch;[]
1581;Gerhardt & Teltow;[]
1582;Max Große;[]
1583;Richard Beator Nachf.;[]
1584;Anton Hammerschmidt;[]
1585;Hanns & Römer;[]
1586;Harnisch, Hugo;[]
1587;Emil Hermsdorf;[]
1588;Reinhold Herrmann;[]
1589;Karl Holle;[]
1590;Karl Holle;[]
1591;Eugen Jang;[]
1592;L. Jena;[]
1593;Carl Nestmann;['1073062554']
1594;Carl Nestmann;['1073062554']
1595;Kaltschmidt & Seib Nachf.;[]
1596;Friedrich Klement;[]
1597;Friedrich Klement;[]
1598;Arthur Köhler;[]
1599;Hermann Köhler;[]
1600;Friedrich Kröpsch;[]
1601;Hermann Leonhardt;[]
1602;Luhn & Prince;[]
1603;Carl Müller;['5095684-X']
1604;Otto, Albert;['107293891X']
1605;Carl Prosch Nachfolger;[]
1606;Alexander Reichert;[]
1607;Martin Reuband;[]
1608;Paul Richter;[]
1609;Riegerl, Weißenborn & Co.;[]
1610;Alfred Ringler;[]
1611;Max Salzmann;[]
1612;Albert Schmidt;[]
1613;Arthur Schneider;[]
1614;Reinhold Schnicke;[]
1615;Gustav Schultze;[]
1616;Stempelhaus-Gravieranstalt Friedrich Müller;[]
1617;M. Schüßler;[]
1618;Paul Schwieger;[]
1619;Otto Wartmann;[]
1620;Arthur Weber;[]
1621;Eduard Weber;[]
1622;Bruno Weinhold;[]
1623;Weißbeck & Nickol;[]
1624;August Weißhuhn;[]
1625;Weyerstahl, Ernst;[]
1626;Eduard Gaebler's Geographisches Institut;['6023287-0']
1627;Geographische Anstalt von Velhagen & Klasing;[]
1628;Hennig & Grasmück;[]
1629;Gebrüder Dietrich;['1136395326']
1630;Gebrüder Dietrich;['1136395326']
1631;A. Gelber;[]
1632;Pöhnert & Co.;[]
1633;Pöhnert & Co.;[]
1634;Walter Karnahl;[]
1635;Johannes Kratz;['1046829017']
1636;Johannes Kratz;['1046829017']
1637;Felix Böttcher;['5069958-1']
1638;Friedrich August Lischke;[]
1639;Paul Lissel;[]
1640;Georg Sicker;[]
1641;Rudolph Wagner;[]
1642;Liebich & Kuntze;[]
1643;Liebich & Kuntze;[]
1644;Hugo Meinige;[]
1645;C. Wittstock;[]
1646;C. Wittstock;[]
1647;C. Wittstock;[]
1648;Stein- und Keramische Buntdruckerei G.m.b.H.;[]
1649;Albert Oesterreicher;[]
1650;Albert Oesterreicher;[]
1651;J. Stehmann;[]
1652;Max Nierth;['1067021167']
1653;Max Nierth;['1067021167']
1654;Wiener & Co.;[]
1655;Max Müller;['1072998114']
1656;Aarland & Müller;[]
1657;Aarland & Müller;[]
1658;J. D. Neranzi;[]
1659;Bernhard Franke;[]
1660;Bernhard Franke;[]
1661;Gäbisch & Co.;[]
1662;Gäbisch & Co.;[]
1663;Louis Gerstner;['1121241859']
1664;Louis Gerstner;['1121241859']
1665;Louis Gerstner;['1121241859']
1666;Albert Hiekel;[]
1667;Paul Liedl;[]
1668;G. Rebner & Co.;[]
1669;G. Rebner & Co.;[]
1670;Alois Klimke;[]
1671;Rohland & Reupke;[]
1672;A. Täubert;[]
1673;Max Voigt;[]
1674;F. M. Haage;[]
1675;Joh. Marie Wittig;[]
1676;Rudolf Max Altner;[]
1677;Richard Braune;[]
1678;Robert Gebauer Nachf.;[]
1679;Gustav Burckhardt;[]
1680;Geißler, Amanda;[]
1681;Albert Müller;['1072479222']
1682;Albert Müller;['1072479222']
1683;Max Neumann;[]
1684;Julius Sorst;[]
1685;Alfred Weber;['1132166772']
1686;Alb. Müller & Barheine;[]
1687;Theodor Weger (vorm. August Weger sen.);[]
1688;Sophie Berta Meyer;[]
1689;Sophie Berta Meyer;[]
1690;Lina Schlierf;[]
1691;Heinrich Seidel;[]
1692;Hermann Waldapfel;[]
1693;Leipziger Ansichtskarten-Fabrik, Paul Trabert;[]
1694;Emil Pinkau & Co., Aktiengesellschaft;[]
1695;Emil Pinkau & Co., Aktiengesellschaft;[]
1696;C. Kloberg;['10175251-9']
1697;C. Kloberg;['10175251-9']
1698;C. Kloberg;['10175251-9']
1699;W. Benicke;['1072959267']
1700;W. Benicke;['1072959267']
1701;W. Benicke;['1072959267']
1702;Kirbach, Rudolph;[]
1703;Engelmann & Mühlberg;[]
1704;Engelmann & Mühlberg;[]
1705;Franz Edel;[]
1706;F. W. Garbrecht's Nachfolger, Oscar Brandstetter;[]
1707;Paul Raap;[]
1708;A. B. Cramer;[]
1709;A. B. Cramer;[]
1710;W. Bilina;[]
1711;Genzsch & Heyse, Hamburg;[]
1712;Theodor Hentzschel;[]
1713;Wilhelm Neugebauer;[]
1714;J. G. Schelter & Giesecke;[]
1715;J. G. Schelter & Giesecke;[]
1716;J. G. Schelter & Giesecke;[]
1717;J. G. Schelter & Giesecke;[]
1718;J. G. Schelter & Giesecke;[]
1719;Paul Pürst;[]
1720;Gebr. Nens;[]
1721;Wilhelm Riese;[]
1722;Fritz Tutzschke;[]
1723;Paul Buchheim;[]
1724;Gebrüder Brehmer;['10127106-2', '5280286-3']
1725;Buchbinderei- u. Kartonagen-Maschinenbau-Gesellschaft m.b.H.;[]
1726;Dammann, Wilhelm;[]
1727;Deutsche Maschinen- und Papier-Industrie-Werke G.m.b.H.;[]
1728;Dietz & Listing;[]
1729;A. Flaskämper;[]
1730;Förste & Tromm;[]
1731;August Fomm;['5553152-0']
1732;August Fomm;['5553152-0']
1733;K. Gebler;[]
1734;Herfurth & Heyden;[]
1735;Bruno Geyer;[]
1736;A. Hogenforst;['107290263X']
1737;O. Hoppe & Co. Nachf.;[]
1738;Emil Kahle;[]
1739;Kleim & Ungerer;[]
1740;Kohlbach & Co. G.m.b.H.;[]
1741;Koenigs Bogenanleger;[]
1742;Karl Krause;['5262951-X', '6051760-8']
1743;C. L. Lasch & Co.;[]
1744;Leipziger Schnellpressenfabrik, Aktien-Gesellschaft, vorm. Schmiers, Werner & Stein;[]
1745;Chn. Mansfeld;['3043646-1']
1746;Mittmann, Curt;[]
1747;Peusse & Co.;[]
1748;G. E. Reinhardt;[]
1749;Wilhelm Scheibe;[]
1750;Walterwerke Maschinenfabrik m.b.H.;[]
1751;Drahtheftmaschinen-Fabrik Wilh. Mallien;[]
1752;Boehme, Rudolph;[]
1753;Leipziger Tangier-Manier, Alexander Grube;[]
1754;A. Wetzig;[]
1755;Bartsch, Alfred;[]
1756;Becker & Naumann;[]
1757;Max Bergmann;[]
1758;Borrmann, Oscar;[]
1759;Max Brüggemann;[]
1760;Hans Bruhn;[]
1761;Max Burger;[]
1762;Buschmann & Fließbach;[]
1763;Curt Dietrich;['6100934-9']
1764;Richard Frenzel;['1072887657']
1765;Carl Garte;['1023235684', '1073023362', '1087500729']
1766;Göhlitz, Edmund;[]
1767;Graphische Kunstanstalt Gebrüder Arnold;[]
1768;Hermann Haack;['4032129-0']
1769;Hermann Haack;['4032129-0']
1770;Ernst Haase;[]
1771;Heß & Seyfert;[]
1772;Heß & Seyfert;[]
1773;Heß & Seyfert;[]
1774;Apffelstaedt & Co.;[]
1775;Emil Hesse;[]
1776;Hilbig, Robert;[]
1777;Max Jahr;[]
1778;H. F. Jütte;[]
1779;Robert Kathmann & Co.;[]
1780;Paul Keller;[]
1781;Hans Meyer;['7513757-4']
1782;Rich. Kluge;[]
1783;Oskar Koch;[]
1784;Kohl & Damm Nachf.;[]
1785;Kohl & Damm Nachf.;[]
1786;C. Kirst;[]
1787;Kunstdruck- u. Verlagsanstalt Wezel & Nauman, Aktiengesellschaft;[]
1788;Kunstdruck- u. Verlagsanstalt Wezel & Nauman, Aktiengesellschaft;[]
1789;Kunstdruck- u. Verlagsanstalt Wezel & Nauman, Aktiengesellschaft;[]
1790;Emil Langheinrich;[]
1791;Bernhard Lengner;[]
1792;Adolph Lösche Lithographische Kunst-Anstalt;[]
1793;Adolph Lösche Lithographische Kunst-Anstalt;[]
1794;Richard Maeder;[]
1795;Schulze & Co.;[]
1796;Richard Lübeck;[]
1797;Arthur Mädicke;[]
1798;Martini, Albert;[]
1799;Otto Paul Marx;['1072987872']
1800;Meißner & Buch;[]
1801;Mitteldeutsche graphische Kunstanstalt Wilhelm Bartel;[]
1802;Mitteldeutsche graphische Kunstanstalt Wilhelm Bartel;[]
1803;Alfred Müller;['1072996154']
1804;G. Alfred Müller;[]
1805;Alfred Müller-Holstein;[]
1806;Alfred Naumann;[]
1807;Max Neubauer;[]
1808;Richard Paatzsch;[]
1809;Wilhelm Seidel;[]
1810;Artur Pestner;[]
1811;Oskar Pfnister;[]
1812;Moritz Prescher Nachfolger Actiengesellschaft;[]
1813;Moritz Prescher Nachfolger Actiengesellschaft;[]
1814;Paul Schmidt;[]
1815;Paul Schmidt;[]
1816;Paul Schmidt;[]
1817;Schurig & Böttger;[]
1818;Otto Tröger;[]
1819;Trotte & Pohlenz;[]
1820;Hermann Velten;[]
1821;Weihmann & Weiße;[]
1822;Universitätsbibliothek;['2161280-8', '5082643-8', '7513720-3', '4275850-6', '6012109-9', '30026-3', '1027816398', '5258396-X', '2091320-5', '1090933614', '1156621879']
1823;Stadtbibliothek;['10094537-5', '62666-1', '1072973103', '5565729-1', '1092086609']
1824;Fachschule der Buchbinder-Innung;[]
1825;Bibliothek des deutschen Buchgewerbemuseums;[]
1826;Monotype-Setzmaschinen-Vertriebs-Gesellschaft m.b.H.;[]
1827;Öffentliche Buchhändler-Lehranstalt;['10078242-5']
1828;III. Städtische Fach- und Fortbildungsschule;[]
1829;Königliche Akademie für graphische Künste und Buchgewerbe;['11330-X', '5118563-5']
1830;Deutsche Zentralbücherei für Blinde;['1065101996', '2008337-3']
1831;Comenius-Bücherei;['506777-7', '1086398513']
1832;J. G. Fritzsche;[]
1833;J. G. Hellmer & Co.;[]
1834;J. G. Hellmer & Co.;[]
1835;Eugen Hartmann;[]
1836;Heydel & Herbst;[]
1837;Wilhelm Jänichen;[]
1838;Mehner & Maas;[]
1839;Merker & Nicklitzsch;[]
1840;J. Süptitz;[]
1841;Arnold Süßmilch;['1072964546']
1842;G. O. Francke;[]
1843;Leipziger Maler-Adreßbuch;[]
1844;Leipziger Meß-Adreßbuch;[]
1845;Offizielles Adreßbuch des Deutschen Buchhandels (Schulz);[]
1846;Verlag des Adressbuches von Deutschlands Handels-, Industrie- u. Export-Firmen, Theophil Weber;[]
1847;Adolf Wagner;[]
1848;Robert Baum jun.;[]
1849;P. H. Beyer & Sohn;[]
1850;G. Brauns jun.;[]
1851;Pietro Del Vecchio;['5323321-9']
1852;Dürerhaus Volkskunst;[]
1853;Hermann Findel;[]
1854;Paul Zschocher;['1072977362']
1855;Hartmann & Seifert;[]
1856;Adolf Klauß;[]
1857;Oswald Krempler;[]
1858;F. W. Mittentzwey-Windsch;[]
1859;Louis Pernitzsch;['1073002489']
1860;Otto Schlippe;[]
1861;Waldemar Schlüssel;[]
1862;F. Schröder;[]
1863;Paul Steinert (vorm. Carl Steinert);[]
1864;Hermann Vogel;['16093691-3']
1865;Max Both;[]
1866;Carl Drechsler;['1072973367']
1867;Fricke, Heino;[]
1868;Merfeld & Donner;[]
1869;Merfeld & Donner;[]
1870;Gustav Meyer & Co.;[]
1871;Original und Reproduktion, Verlag, Loose & Schluricke;[]
1872;Friedrich Pietsch;[]
1873;Otto Dietrich;['1072967545']
1874;Dürre & Wolfensteller;[]
1875;Rud. Gleißenberg;[]
1876;Görtitz Nachf., Richard;[]
1877;Arno Spitzner's Verlag;['1072883910']
1878;Arno Spitzner, Musikalien- und Bücherversandgeschäft;[]
1879;Emil Grude;['1072913666']
1880;Franz Jost;['1086218116']
1881;Jost, Franz;[]
1882;Otto Junne;['1072977001', '16038026-1']
1883;Otto Junne;['1072977001', '16038026-1']
1884;Carisch & Jänichen;[]
1885;Leipziger Bühnenverlag Erhard Schultz;[]
1886;Rudolf H. Pohl;[]
1887;Carl A. Lauterbach;[]
1888;C. F. Leede;[]
1889;Hermann Protze;['1073055043']
1890;F. E. C. Leuckart Sortiment (Martin Sander);[]
1891;Walter Lieniger;[]
1892;Alfred Mehner;['1073054683']
1893;Paul Ollendorff;[]
1894;P. Pabst;['107305456X', '1073065162', '1073001520']
1895;P. Pabst;['107305456X', '1073065162', '1073001520']
1896;L. Rohn Nachf.;[]
1897;Nestmann & Wittig;[]
1898;Otto Scherz;[]
1899;Carl Schubert;[]
1900;Otto Seele;['5331077-9']
1901;Rudolf Tanner;[]
1902;Winterling, William;[]
1903;Johann André;['1072977184']
1904;M. P. Belaieff;[]
1905;Wilhelm Hansen;['1087169488']
1906;Fr. Kistner;['1214461-7', '1073021866', '1073021858', '5318140-2', '1072891549', '1087170486']
1907;D. Rahter;['5127274-X', '1089034075']
1908;Bernhard Bieberkraut;[]
1909;Bosse, Bernhardine;[]
1910;Bosworth & Co.;[]
1911;Aug. Cranz;[]
1912;Ernst Eulenburg;['5004594-5', '6065807-1']
1913;Ernst Görs;[]
1914;Ernst Görs;[]
1915;Otto Forberg;['10101478-8']
1916;Hug & Co.;[]
1917;C. Schmidl & Co.;[]
1918;A. Kabatek;[]
1919;C. F. Kahnt Nachfolger;[]
1920;F. E. C. Leuckart;[]
1921;C. F. Peters, Bureau de Musique;[]
1922;Carl Rühle;['1073012522', '1072905523']
1923;Rühle & Wendling;[]
1924;Arthur P. Schmidt;[]
1925;B. Schott's Söhne, Zweigniederlassung Leipzig;[]
1926;Felix Siegel;['1072994836']
1927;J. Schuberth & Co.;[]
1928;Steingräber Verlag;['106428664X', '1072929120']
1929;Verlag der musikalischen Universial-Bibliothek u. Musiksortiment;[]
1930;Constantin Wild's Verlag;[]
1931;Bunt- & Luxuspapierfabr. Goldbach;[]
1932;Vonhof & Co.;[]
1933;F. W. Ebbinghaus G.m.b.H.;[]
1934;Ferd. Flinsch, G.m.b.H.;[]
1935;Ferd. Flinsch, G.m.b.H.;[]
1936;Ferd. Flinsch, G.m.b.H.;[]
1937;Ferd. Flinsch, G.m.b.H.;[]
1938;F. M. Weber;[]
1939;J. W. Zanders, Bergisch Gladbach, Zweigniederlassung Leipzig;[]
1940;Verlag der Deutschen Frau (Velhagen & Klasing);[]
1941;J. W. Zanders, Bergisch Gladbach, Zweigniederlassung Leipzig;[]
1942;Franz Berger;[]
1943;Franz Berger;[]
1944;Carl A. Bodenstein & Co.;[]
1945;Müller & Oschatz;[]
1946;Walter Berger;[]
1947;Walter Berger;[]
1948;F. Emil Bernhard Böhme;[]
1949;Eckert & Finck;[]
1950;Gerstenberger, G.;[]
1951;Haberland, Franz;[]
1952;F. O. Hartig;[]
1953;Wilhelm Held;[]
1954;Edmund Hoppe;[]
1955;Jentsch & Wilsenach;[]
1956;Kerngut & Apel;[]
1957;Selmar Kohl;[]
1958;Max Morgenstern;[]
1959;Paul Müller;[]
1960;Gustav Nickau;[]
1961;Poensgen & Heyer;[]
1962;Poetzsch, Bernhard Böhme Nachf., K. G.;[]
1963;Oscar Schoene;[]
1964;C. F. Paul Schultze;[]
1965;Otto Edmund Schuster;[]
1966;Richard Rühl;[]
1967;Fritz Sengebusch;[]
1968;Berth. Siegismund;['3039866-6']
1969;Anton Spindler;[]
1970;Oswald Süptitz;['1078869235']
1971;Hermann Weiss;['1073062325']
1972;F. A. Wölbling;[]
1973;Zeunert & Hoppe;[]
1974;Merseburger Buntpapierfabrik, Sebastian Heilmann, G.m.b.H.;[]
1975;A. Nees & Co., Aschaffenburg, Bunt- und Fantasiepapier-Fabrik. Vertreter: Ferdinand Faßbauer;[]
1976;Chromo-Papier- und Carton-Fabrik, vorm. Gustav Najork, Actiengesellschaft;[]
1977;F. Harazim;[]
1978;Reinhold Garve;[]
1979;A. Geilfuß;[]
1980;Max Schönefeld;[]
1981;Emil Seidel;['5553008-4']
1982;F. A. Sevin;[]
1983;Hans von Stern;['1122486839']
1984;Marie Steinweden;[]
1985;Felix Schlutius;[]
1986;Eugen von Asten Nachf.;[]
1987;Süß & Co.;[]
1988;Süß & Co.;[]
1989;Arthur Beyerlein;['107301360X']
1990;Arthur Beyerlein;['107301360X']
1991;Arthur Beyerlein;['107301360X']
1992;Otto Fischer;[]
1993;Frohn & Wippold;[]
1994;Franz Funk;[]
1995;Heinrich Jansen;[]
1996;Eduard Klemm;[]
1997;Schmidt & Römer;[]
1998;Herm. Winkler;[]
1999;Winkler & Voigt;[]
2000;Max Wohllebe;[]
2001;Bodenstein, Helene;[]
2002;F. G. Gerhardt;[]
2003;Robert Graul;[]
2004;Paul Steier;[]
2005;Paul Steier;[]
2006;Louis Clemens;[]
2007;Mildner & Zürn;[]
2008;Bernhard Schmidt;[]
2009;Bernhard Schmidt;[]
2010;Felix Friebel;[]
2011;Emil Göbel;[]
2012;Kunstanstalt Max Breslauer;[]
2013;Gutberlet & Co.;[]
2014;A. Gutberlet & Co.;[]
2015;Gebr. Bohemann;[]
2016;Gebr. Bohemann;[]
2017;Gebr. Bohemann;[]
2018;Gebr. Bohemann;[]
2019;Max Anders;[]
2020;Hilmar Apian-Bennewitz Verlag;[]
2021;A. Apitzsch;['1073032329']
2022;Böhlig & Herzog;[]
2023;E. Bohnert;[]
2024;Schnellpressenfabrik Hölzle & Bohnert;[]
2025;Gottfried Böttger;['5551424-8']
2026;Lehmann & Reichenbach;[]
2027;M. Brause;[]
2028;M. Brause;[]
2029;Walther Brause;[]
2030;Franz Brundtner;[]
2031;Emil Bürckner;[]
2032;Central-Verlag des Bezugsquellen-Verzeichnisses Josef Wichterich;[]
2033;Dermatoid-Werke Paul Meißner;['6097889-2']
2034;Felix Dietrich;['1072974665', '10101712-1']
2035;Eckardt & Co.;[]
2036;Josef Ardel;[]
2037;Eckert & Pflug;[]
2038;Georg Fritzsche;['113499382X']
2039;Alexander Schwarzenberg;[]
2040;Alexander Schwarzenberg;[]
2041;Alexander Schwarzenberg;[]
2042;Hugo Rösch;['1072947927']
2043;Vögele & Schultze;[]
2044;Theodor Eismann, G.m.b.H.;[]
2045;Theodor Eismann, G.m.b.H.;[]
2046;Wilhelm Engelmann;['1072892979', '1072893010', '5332203-4']
2047;Familien-Lesezirkel Siegfried Schussheim;[]
2048;Ernst Freitag;[]
2049;Albert Friedemann;[]
2050;Felix Gärtner Nachf.;[]
2051;Adolf Geist;[]
2052;Conrad Glaser;['1073012530']
2053;Conrad Glaser;['1073012530']
2054;Johannes Goetze;[]
2055;Gebr. Graetz, Inhaber Otto Guth;[]
2056;Graupner & Körner;[]
2057;Groitzscher Rohpappenfabrik G.m.b.H.;[]
2058;Curt Hahnemann;[]
2059;Ernst Hedrich Nachf., G.m.b.H.;[]
2060;Otto Wigand Verlagsbuchhandlung und Buchdruckerei m.b.H.;[]
2061;Otto Wigand Verlagsbuchhandlung und Buchdruckerei m.b.H.;[]
2062;E. A. Seemann;[]
2063;Ernst Hedrich Nachf., G.m.b.H.;[]
2064;Ramm & Seemann;[]
2065;Kirstein & Co.;[]
2066;Edgar Herfurth & Co.;[]
2067;Verlag und Druckerei der Leipziger Neuesten Nachrichten, Edgar Herfurth & Co., vormals Leipziger Nachrichten (G. Reusche);[]
2068;Verlag und Druckerei der Leipziger Neuesten Nachrichten, Edgar Herfurth & Co., vormals Leipziger Nachrichten (G. Reusche);[]
2069;Hindorf & Marx;[]
2070;Hindorf & Marx;[]
2071;Hindorf & Marx;[]
2072;Alfred Jahn;['4204692-0', '2100928-4']
2073;Oswald Kahnt;[]
2074;Gustav Kalmar;[]
2075;C. A. Klemm;[]
2076;Hugo Koch;[]
2077;Emil Kommen Nachf.;[]
2078;Ernst Koritzer;[]
2079;Alfred Krieger;[]
2080;Heinrich Krüger;[]
2081;Bruno Küchler Nachf.;[]
2082;Bruno Küchler Nachf.;[]
2083;Bruno Küchler;[]
2084;Richard Kühn;[]
2085;Carl Langenberg;[]
2086;"F. Laesecke, Verlag ""Unser Malergewerbe""";[]
2087;Leipziger Allerlei, Illustrirte Zeitung, Verlag von Ernst Sell;[]
2088;Leipziger Gerichtszeitung, L. Schumann;[]
2089;Leipziger Monatsschrift für Textil-Industrie, Theodor Martin;[]
2090;Der Textil-Exporteur, Theodor Martin;[]
2091;Die Textil-Industrie, Theodor Martin;[]
2092;Die Textil-Zeitung,Theodor Martin;[]
2093;Wochenschrift für Spinnerei u. Weberei, Theodor Martin;[]
2094;Zeitschrift für die Textil-Industrie, Theodor Martin;[]
2095;Leipziger Patent-Einbanddecken-Fabrik Adolf Bube;[]
2096;Leipziger Zeitung;['111151142X', '1051040744']
2097;Löbl & Wiener;[]
2098;Erwin Löffler Nachf.;[]
2099;Ch. Lorilleux & Co., Commandit-Gesellschaft auf Actien;[]
2100;Friedrich Maack;[]
2101;Malke & Schaaf;[]
2102;Malke & Schaaf;[]
2103;Robert Maennel;[]
2104;Wilhelm Mauke;['1072938626']
2105;Walter Morgenstern;[]
2106;Emil Mosig;[]
2107;J. Mößner;[]
2108;F. G. Mylius;[]
2109;F. G. Mylius;[]
2110;Albert Osterwald;[]
2111;Albert Osterwald;[]
2112;Heinrich Pagel;[]
2113;Dr. Iwan Parlapanoff;['1073001601']
2114;Karl Peter Nachf.;[]
2115;Karl Peter Nachf.;[]
2116;Kurt Petsch & Co., G.m.b.H.;[]
2117;Georg Petzoldt Nachf.;[]
2118;Georg Petzoldt Nachf.;[]
2119;Otto Pietrzick;[]
2120;Theodor Plenge;[]
2121;Max Plesse;[]
2122;Max Plesse;[]
2123;Armin Quehl;[]
2124;Armin Quehl;[]
2125;Räncker & Günther;[]
2126;Regel & Krug;[]
2127;Regel & Krug;[]
2128;Georg Ress;[]
2129;Rohrer & Klingner;[]
2130;Hermann Roßberger;[]
2131;Sächsische Reklame-Gesellschaft C. Koch & Co.;[]
2132;Saski'sche Zeitschrift für das Versicherungswesen, C. Saski;[]
2133;Hermann Scheibe;['1073062678']
2134;Karl Scheithauer's Verlag;[]
2135;August Scherl G.m.b.H.;[]
2136;Schindler & Teuchert;[]
2137;Hermann Schmidt, Verlag des Versicherungs-Sachverständigen im Dienste der Versicherten;[]
2138;"Verlag der ""Unfallversicherungs-Praxis"" H. Schmidt";[]
2139;Heinrich Otto Schmiel;[]
2140;Steiß & Freitag;[]
2141;Emil Trachbrodt Verlag;[]
2142;Trinks & Co.;[]
2143;Trinks & Co.;[]
2144;Verlag der Handels-Akademie, Friedrich Mester;[]
2145;Verlag der Werkstatt für neue deutsche Wortkunst Joahhes Weidenmüller;[]
2146;Verlag des geschäftskundigen Kaufmanns in der Genußmittelbranche G.m.b.H.;[]
2147;Verlag des Officiellen Hotel-Adreßbuchs u. Reiseführers des Reichsverbandes Deutscher Gastwirtsverbände G.m.b.H.;[]
2148;Bruno Volger, Verlagsbuchhandlung;[]
2149;Volger, Eduard;[]
2150;Theodor Wachs;[]
2151;Wanderer-Verlag, G.m.b.H.;[]
2152;Welt-Adressen-Verlag Emil Reiß;['16053099-4']
2153;Welt-Adressen-Verlag Emil Reiß;['16053099-4']
2154;Arthur Wendler;[]
2155;G. R. Wendler;[]
2156;David Häring;[]
2157;Winklers Papierhandlung;[]
2158;Oscar Sperling;['1072960478', '1072883740']
2159;Oscar Sperling;['1072960478', '1072883740']
2160;Oscar Sperling;['1072960478', '1072883740']
2161;Hans Wunder G.m.b.H.;[]
2162;Zangenberg & Himly's Journalistikum;[]
2163;E. M. Behrens;[]
2164;Paul Brack;[]
2165;C. A. Faber;[]
2166;Hugo Fülle;[]
2167;Alfred Funk;[]
2168;Otto Beißert;[]
2169;M. Hein's Nachf.;[]
2170;F. W. Haschke;[]
